date,mktrf,smb,hml,rmw,cma,rf,umd,r_f,r_mkt,r_me,r_ia,r_roe,r_eg
2010/01/03,-0.0099,-0.0017,0.0039,-0.0047,0.0017,0.0,0.0003,0.0003,-0.8664,-0.0883,0.1901,-0.0024,-0.0776
2010/01/10,0.0033,0.0032,0.0001,0.0022,-0.0037,0.0,0.002,0.0001,0.416,0.2017,-0.4278,-0.1254,0.0851
2010/01/17,-0.0112,-0.0019,-0.0039,0.0061,-0.0015,0.0,-0.0052,0.0001,-1.1324,-0.2926,-0.0268,0.419,0.2474
2010/01/24,-0.0214,0.0051,-0.0089,0.0046,0.0,0.0,-0.0158,0.0001,-2.099,0.2744,0.0938,0.1175,-0.4539
2010/01/31,-0.0097,-0.0008,-0.0042,-0.002,0.0018,0.0,-0.0124,0.0001,-1.0283,0.0259,0.3848,0.215,-0.2583
2010/02/07,0.0029,-0.0006,0.0001,-0.0064,-0.0016,0.0,0.0005,0.0001,0.2659,-0.0373,-0.206,-0.0163,0.0036
2010/02/14,-0.0007,0.0097,0.0015,-0.002,0.0027,0.0,0.0052,0.0001,-0.0658,0.8896,0.0817,-0.2435,0.0293
2010/02/21,0.0028,0.0009,0.0048,-0.0024,-0.0002,0.0,-0.0022,0.0001,0.2455,-0.0449,-0.0449,-0.6554,-0.1699
2010/02/28,0.0013,-0.0042,0.0042,0.0009,-0.0003,0.0,0.0042,0.0001,0.1846,-0.2313,0.0281,0.0602,-0.1768
2010/03/07,0.0143,0.0052,0.0063,-0.0017,0.0025,0.0,0.0088,0.0003,1.4479,0.617,0.2209,-0.2517,-0.3796
2010/03/14,-0.0002,0.0001,-0.0026,0.0051,-0.0009,0.0,0.0028,0.0003,0.074,-0.0643,-0.1646,0.1179,-0.1986
2010/03/21,-0.0062,-0.0065,-0.0062,0.0004,-0.005,0.0,-0.0152,0.0003,-0.689,-0.6644,-0.317,0.2808,0.3039
2010/03/28,0.0006,-0.0008,0.0026,0.0004,0.0013,0.0,0.0035,0.0003,0.0646,-0.1725,0.1033,-0.1165,-0.2005
2010/04/04,0.0075,0.0007,0.0079,0.0013,0.0038,1e-05,0.0064,0.0005,0.8643,-0.0002,0.3728,-0.4311,-0.2803
2010/04/11,0.0066,-0.0015,0.0015,0.0027,0.0022,1e-05,0.0008,0.0005,0.6691,-0.0935,0.1304,0.0036,-0.0872
2010/04/18,-0.0153,0.005,-0.0188,0.0108,-0.0025,1e-05,-0.008,0.0005,-1.6109,0.0171,-0.1467,0.4058,0.237
2010/04/25,0.007,0.0037,0.0059,-0.0006,0.0016,1e-05,0.0024,0.0005,0.7437,0.0693,0.0483,-0.6927,-0.318
2010/05/02,-0.0172,-0.0109,-0.0088,0.0037,-0.0054,1e-05,-0.0112,0.0005,-1.6839,-1.4359,-0.3933,-0.2726,0.2521
2010/05/09,-0.0175,-0.0134,-0.005,0.0021,-0.0019,1e-05,-0.0114,0.0006,-1.5846,-1.1369,-0.5165,0.8568,0.7828
2010/05/16,-0.0192,-0.0034,-0.0076,0.004,-0.0029,1e-05,-0.0129,0.0006,-1.9396,-0.5322,-0.3584,0.3695,0.4369
2010/05/23,0.0144,-0.0021,0.0158,-0.0079,0.0012,1e-05,0.0151,0.0006,1.5277,0.1503,0.1834,-0.0867,-0.6044
2010/05/30,-0.0118,0.0004,-0.0068,0.0035,-0.0001,1e-05,-0.0032,0.0006,-1.1754,-0.0984,-0.2539,0.1705,-0.181
2010/06/06,-0.0362,-0.013,-0.0067,0.0009,-0.0025,1e-05,-0.0131,0.0006,-3.587,-1.0734,-0.2411,0.385,0.5136
2010/06/13,0.0062,0.0094,0.0005,-0.0011,0.0006,1e-05,0.0059,0.0006,0.6181,0.7818,-0.1222,-0.3387,-0.4088
2010/06/20,0.0013,-0.0002,0.0024,-0.002,-0.0014,1e-05,-0.0009,0.0006,0.1701,0.0679,-0.1167,0.0552,0.1126
2010/06/27,0.0048,0.0121,0.0107,-0.0121,-0.0024,1e-05,0.0064,0.0006,0.6047,1.3821,-0.4571,-0.9482,-0.8004
2010/07/04,-0.005,-0.0033,-0.0044,0.0011,-0.0037,1e-05,-0.0071,0.0007,-0.4755,-0.331,-0.3247,0.241,0.2977
2010/07/11,0.0081,0.0069,0.0061,-0.0064,0.0048,1e-05,0.0057,0.0007,0.8897,0.857,0.3278,-0.2297,-0.2937
2010/07/18,-0.0294,-0.0062,-0.0092,0.0095,-0.0069,1e-05,-0.0104,0.0007,-2.854,-0.8817,-0.7689,0.3507,0.5185
2010/07/25,0.0105,0.0138,-0.0031,-0.0031,0.0048,1e-05,0.0055,0.0007,0.9622,1.3304,0.2223,-0.5839,-0.1591
2010/08/01,0.0006,0.0008,-0.0021,-0.0005,0.0002,1e-05,0.0018,0.0007,0.1512,0.0323,0.1257,-0.1312,-0.1633
2010/08/08,-0.0036,-0.0019,-0.0037,0.001,-0.0024,1e-05,-0.0006,0.0006,-0.3553,-0.2645,-0.1634,-0.1182,0.3331
2010/08/15,-0.0047,-0.0077,0.0024,-0.0019,0.0002,1e-05,-0.0007,0.0006,-0.3878,-0.7239,-0.0323,-0.1289,-0.1301
2010/08/22,-0.0028,0.0024,-0.0023,-0.0016,-0.002,1e-05,0.0014,0.0006,-0.3317,0.2491,-0.2087,-0.1782,0.226
2010/08/29,0.0182,0.0095,0.0036,-0.0091,0.0019,1e-05,0.0048,0.0006,1.8441,1.0053,0.1197,-0.329,-0.5044
2010/09/05,0.0135,0.0036,0.0023,-0.0022,0.0017,1e-05,0.0014,0.0006,1.2969,0.5321,0.2844,0.1765,0.0357
2010/09/12,0.0045,-0.0007,-0.0016,0.0018,-0.0001,1e-05,0.0007,0.0006,0.4482,-0.1192,-0.0573,-0.1535,-0.3332
2010/09/19,0.0015,0.0056,-0.006,0.0021,-0.0025,1e-05,0.0037,0.0006,0.1128,0.4927,-0.0947,0.2354,0.3574
2010/09/26,0.0219,0.0099,0.0051,-0.0068,0.005,1e-05,-0.0002,0.0006,2.1179,0.9433,0.6773,-0.1349,-0.3715
2010/10/03,0.0043,0.0003,0.0021,0.0011,0.0027,1e-05,-0.0029,0.0005,0.4935,0.1962,0.1258,0.0558,-0.2015
2010/10/10,0.0074,0.0086,-0.002,-0.003,0.004,1e-05,-0.0002,0.0005,0.7605,0.7682,0.3953,-0.1988,-0.5665
2010/10/17,0.0018,-0.0019,-0.0127,0.0057,-0.0063,1e-05,0.0023,0.0005,0.0687,-0.3858,-0.3442,0.2672,0.6183
2010/10/24,0.0029,0.0042,-0.004,-0.0028,-0.0022,1e-05,0.0022,0.0005,0.2644,0.3679,-0.1053,-0.2618,0.2246
2010/10/31,0.0007,0.0032,-0.0011,0.001,0.0012,1e-05,0.0015,0.0005,0.1646,0.2127,0.0594,-0.2471,-0.1619
2010/11/07,0.0041,-0.0004,0.0064,-0.003,0.0049,1e-05,-0.0059,0.0005,0.401,0.1443,0.5803,-0.3352,-0.1231
2010/11/14,-0.0129,-0.0047,-0.0005,0.0017,-0.0004,1e-05,-0.0023,0.0005,-1.3386,-0.5803,-0.0582,0.1822,0.432
2010/11/21,0.0031,0.0017,-0.0023,-0.001,0.0012,1e-05,0.0054,0.0005,0.3735,0.0041,0.0584,-0.428,-0.4658
2010/11/28,-0.0067,0.0028,-0.0036,0.0022,-0.0008,1e-05,0.0039,0.0005,-0.6885,0.2564,-0.1601,0.192,0.1525
2010/12/05,0.0035,0.0036,0.0009,-0.0012,0.0024,1e-05,0.0008,0.0006,0.3941,0.3105,0.1867,-0.1263,-0.0468
2010/12/12,0.0067,0.0047,0.0022,-0.0019,0.0018,1e-05,-0.0013,0.0006,0.6423,0.4327,0.1961,-0.3302,-0.0103
2010/12/19,0.0015,0.0017,-0.0018,-0.0033,0.0026,1e-05,-0.0005,0.0006,0.1552,0.1371,0.191,-0.1931,-0.02
2010/12/26,-0.0016,0.0005,-0.0031,0.0021,-0.0017,1e-05,-0.0012,0.0006,-0.1195,-0.0241,-0.211,-0.172,0.1108
2011/01/02,-0.001,-0.006,0.0023,-0.0012,0.0012,1e-05,-0.0015,0.0006,-0.0244,-0.5782,0.0611,-0.0587,-0.2839
2011/01/09,-0.0021,-0.0026,-0.0027,0.0017,-0.0014,0.0,0.0035,0.0003,-0.1954,-0.297,-0.1095,0.0527,-0.1724
2011/01/16,0.0069,0.0004,0.0058,-0.007,0.0014,0.0,-0.0019,0.0003,0.6638,0.3094,0.2203,0.2132,-0.0063
2011/01/23,0.0011,-0.0084,0.0059,-0.0014,0.0032,0.0,-0.0014,0.0003,0.1269,-0.7945,0.1653,-0.1853,-0.2091
2011/01/30,-0.0188,-0.0083,-0.0003,0.0004,-0.0037,0.0,-0.0017,0.0003,-1.7226,-0.9436,-0.325,-0.1555,-0.3625
2011/02/06,0.0029,-0.0003,-0.0051,-0.0022,-0.0001,1e-05,0.0004,0.0006,0.2158,-0.0243,0.0946,0.1375,0.4144
2011/02/13,0.0067,0.004,0.005,-0.0036,0.0036,1e-05,0.0045,0.0006,0.6104,0.4283,0.3836,-0.0692,-0.0853
2011/02/20,0.0012,-0.0008,0.0005,0.0018,-0.0001,1e-05,-0.005,0.0006,0.1224,-0.1802,0.0929,0.0915,0.3165
2011/02/27,0.0122,0.0098,0.0025,-0.0072,0.0046,1e-05,0.0067,0.0006,1.2917,1.1068,0.4405,-0.2891,-0.3942
2011/03/06,-0.0067,0.0025,-0.0054,0.0016,-0.002,0.0,0.0032,0.0003,-0.5901,0.1649,-0.2276,0.0104,-0.019
2011/03/13,0.0069,-0.0037,0.0016,-0.0041,0.0023,0.0,0.0032,0.0003,0.6941,-0.3592,0.2322,-0.4304,-0.3445
2011/03/20,0.0049,0.0058,0.0019,0.0006,0.003,0.0,-0.0047,0.0003,0.4855,0.6111,0.1498,-0.1872,-0.1028
2011/03/27,0.0041,0.0047,-0.0002,0.0011,0.0005,0.0,0.0063,0.0003,0.3129,0.4426,0.1365,-0.106,-0.1779
2011/04/03,0.0052,-0.0009,0.0021,0.0014,0.0006,0.0,0.0002,0.0003,0.5453,-0.1054,-0.0949,-0.0921,-0.2404
2011/04/10,-0.0047,-0.0053,-0.0028,0.0008,-0.0021,0.0,0.0009,0.0003,-0.339,-0.5725,-0.3334,-0.1824,-0.2417
2011/04/17,0.0044,0.0053,-0.0009,-0.0001,0.0027,0.0,0.0019,0.0003,0.3963,0.2522,0.2603,-0.2605,-0.387
2011/04/24,0.0056,0.0033,-0.0007,-0.0002,0.0004,0.0,0.0079,0.0003,0.5867,0.4157,0.1376,0.0946,0.2638
2011/05/01,0.0029,0.002,-0.0008,-0.0023,-0.0018,0.0,0.0065,0.0003,0.3121,0.1559,-0.1052,-0.0908,-0.4837
2011/05/08,0.0046,0.0007,-0.0016,-0.0028,-0.0011,0.0,0.0055,0.0001,0.4602,0.0974,-0.171,-0.2534,-0.1416
2011/05/15,-0.0088,-0.0048,-0.0033,0.0025,-0.0021,0.0,-0.0008,0.0001,-0.8905,-0.5756,-0.0879,0.0142,0.2398
2011/05/22,-0.0073,0.0004,-0.002,-0.0023,0.0,0.0,0.003,0.0001,-0.6787,-0.2324,0.0479,-0.4893,-0.3369
2011/05/29,0.0049,0.0021,0.0022,-0.0013,0.0011,0.0,0.0012,0.0001,0.5112,0.3091,0.1344,-0.0568,-0.0505
2011/06/05,-0.011,-0.0049,0.0015,0.0021,-0.0005,0.0,-0.0015,0.0002,-0.9286,-0.5112,-0.039,-0.0828,0.3546
2011/06/12,-0.0137,-0.0019,0.0043,-0.0006,-0.0009,0.0,-0.006,0.0002,-1.4087,-0.0449,-0.2222,0.0468,-0.009
2011/06/19,0.0025,-0.0037,0.0067,0.0003,0.0016,0.0,-0.0024,0.0002,0.2165,-0.3882,0.1717,-0.2659,-0.2362
2011/06/26,-0.011,0.005,0.0009,0.0012,-0.0026,0.0,-0.003,0.0002,-1.0567,0.5629,-0.3557,0.1861,0.0018
2011/07/03,0.0145,-0.0001,0.0015,0.0004,0.0014,0.0,0.0034,-0.0001,1.3474,0.1276,0.2903,0.1344,-0.0503
2011/07/10,-0.0067,-0.0001,-0.0041,0.0033,-0.0013,0.0,0.0036,-0.0001,-0.6334,-0.0043,-0.0514,0.2126,0.3224
2011/07/17,0.0058,0.0007,-0.0051,0.0012,-0.0065,0.0,0.0054,-0.0001,0.6175,-0.2796,-0.8194,-0.7208,-0.4826
2011/07/24,0.001,-0.0014,-0.007,-0.0011,-0.0058,0.0,0.0026,-0.0001,0.1435,-0.0461,-0.7871,-0.174,0.4976
2011/07/31,-0.0056,0.0024,0.0011,-0.0024,0.0025,0.0,0.0013,-0.0001,-0.5613,0.1902,0.1306,-0.1689,-0.0399
2011/08/07,-0.0036,-0.0117,-0.0059,0.0119,0.0009,0.0,-0.005,0.0004,-0.4789,-1.4747,0.2865,0.6398,0.5407
2011/08/14,0.0054,-0.0034,-0.0151,0.0055,-0.0031,0.0,0.0117,0.0004,0.4759,-0.3964,0.068,0.2872,-0.3532
2011/08/21,-0.0155,0.0009,-0.0035,0.0022,0.0007,0.0,-0.0058,0.0004,-1.5369,-0.027,0.1599,-0.023,0.3306
2011/08/28,0.0174,0.008,-0.0101,0.0008,-0.0057,0.0,0.0134,0.0004,1.6439,0.9777,-0.3625,0.1978,-0.2278
2011/09/04,-0.0264,-0.0083,-0.0075,0.0061,-0.0006,0.0,0.0036,0.0,-2.4637,-1.0305,-0.1479,0.0492,0.5429
2011/09/11,-0.0265,-0.002,-0.0003,0.0027,-0.0001,0.0,0.0016,0.0,-2.6589,-0.3039,-0.0153,0.0906,0.4669
2011/09/18,0.0047,-0.0038,-0.0036,0.0023,-0.0015,0.0,0.0056,0.0,0.3571,-0.5511,-0.1764,-0.0956,0.3863
2011/09/25,0.0074,0.0069,-0.0003,-0.0022,0.0017,0.0,-0.0087,0.0,0.5753,0.8309,0.5006,0.0299,0.1695
2011/10/02,-0.025,-0.0016,-0.0021,0.0045,0.0017,0.0,0.0066,0.0,-2.4638,-0.4902,0.2974,0.0004,0.7354
2011/10/09,-0.0098,-0.0133,-0.0147,0.0141,-0.0003,0.0,0.0178,0.0001,-1.0929,-1.5507,-0.0326,0.5593,0.6467
2011/10/16,0.0172,0.0015,-0.0033,-0.0003,-0.006,0.0,0.002,0.0001,1.7739,0.3144,-0.3933,0.0546,-0.3109
2011/10/23,0.0192,0.0016,0.0009,-0.0025,-0.0002,0.0,-0.0047,0.0001,1.9269,0.2843,0.1785,0.2043,0.06
2011/10/30,-0.0001,-0.0054,-0.0057,-0.0015,-0.0022,0.0,-0.0038,0.0001,0.0244,-0.6007,-0.3976,-0.3941,0.0353
2011/11/06,-0.0053,-0.0004,-0.0066,0.0013,-0.0001,0.0,-0.0013,0.0,-0.5564,0.0836,0.1752,0.0644,0.0988
2011/11/13,0.0198,0.005,-0.0018,-0.0006,-0.0017,0.0,-0.0037,0.0,1.9777,0.6291,-0.2454,-0.0155,-0.1797
2011/11/20,-0.0007,0.0009,0.0091,0.0001,0.0059,0.0,-0.0008,0.0,-0.0291,0.0536,0.6723,0.2042,-0.033
2011/11/27,-0.0034,-0.0099,0.0048,-0.0023,0.0038,0.0,-0.0004,0.0,-0.3632,-0.946,0.4524,0.0547,-0.117
2011/12/04,0.0005,0.0054,0.0063,-0.0039,0.0031,0.0,-0.0058,0.0,0.0094,0.8201,0.2529,0.1233,-0.2578
2011/12/11,0.0183,0.0131,0.0013,-0.0033,-0.0021,0.0,-0.0065,0.0,1.774,1.5159,-0.3035,-0.1892,-0.5726
2011/12/18,0.0045,0.0027,-0.0006,0.0011,-0.0011,0.0,0.0033,0.0,0.496,0.6564,0.078,0.5823,-0.1983
2011/12/25,0.0084,-0.0057,-0.0012,0.003,-0.0003,0.0,0.0037,0.0,0.7866,-0.4178,0.0266,0.3783,0.0813
2012/01/01,-0.004,-0.0008,-0.0019,-0.0005,0.0006,0.0,-0.0065,0.0,-0.2583,-0.1881,0.0776,-0.2561,-0.2541
2012/01/08,-0.0019,-0.0004,-0.0027,-0.0003,-0.0003,0.0,-0.0007,0.0,-0.2906,-0.0546,-0.1033,-0.0873,-0.2105
2012/01/15,-0.0052,-0.0023,-0.0043,0.0064,0.001,0.0,0.0106,0.0,-0.5321,-0.2992,-0.026,0.4704,0.1427
2012/01/22,0.0003,0.0028,0.0065,0.0,0.001,0.0,-0.0061,0.0,0.0884,0.1963,-0.0053,0.0932,0.2635
2012/01/29,0.0001,0.0081,-0.0013,-0.0033,-0.0014,0.0,-0.0058,0.0,0.0689,0.9267,-0.2082,-0.277,-0.1062
2012/02/05,0.0158,0.0062,0.0038,-0.007,-0.0021,0.0,-0.0149,0.0002,1.4671,0.96,-0.2941,0.0306,-0.2354
2012/02/12,-0.0075,-0.0059,-0.0005,0.003,0.0014,0.0,0.0098,0.0002,-0.8391,-0.7067,0.1667,-0.0237,0.2888
2012/02/19,0.0016,-0.0023,0.0051,0.0009,0.0029,0.0,-0.0013,0.0002,0.1389,-0.2566,0.2333,-0.0155,-0.2194
2012/02/26,0.0015,-0.0049,-0.0064,0.0018,-0.002,0.0,0.0018,0.0002,0.1494,-0.5076,-0.2355,-0.0118,0.0887
2012/03/04,-0.0046,-0.0125,-0.0006,0.0015,0.0035,0.0,0.0037,0.0002,-0.4931,-1.2443,0.4083,0.2827,0.2378
2012/03/11,0.0049,0.009,0.0016,-0.0022,0.0001,0.0,-0.0036,0.0002,0.4496,0.8688,-0.0323,-0.0905,0.1464
2012/03/18,0.0006,-0.0029,0.0037,-0.0044,-0.0018,0.0,-0.0084,0.0002,0.1329,-0.3031,-0.2973,-0.6651,-0.3589
2012/03/25,0.0039,0.0059,0.0036,-0.0035,-0.0021,0.0,-0.0052,0.0002,0.4472,0.6097,-0.3237,-0.1788,-0.1983
2012/04/01,0.0028,-0.007,-0.0004,-0.0001,0.0017,0.0,-0.0014,0.0002,0.3351,-0.6945,-0.0228,-0.0214,-0.0383
2012/04/08,-0.0003,-0.0012,-0.0042,0.0022,-0.0018,0.0,0.0091,0.0001,-0.0806,-0.0798,-0.0795,0.3792,0.2407
2012/04/15,-0.0125,-0.0019,-0.0075,0.0073,0.0009,0.0,0.0138,0.0001,-1.2398,-0.41,0.249,0.4535,0.1306
2012/04/22,0.0011,0.0051,-0.001,0.0038,0.0061,0.0,0.0108,0.0001,0.163,0.2727,0.7711,0.0817,-0.4606
2012/04/29,0.0035,0.0068,-0.0025,0.0011,-0.0016,0.0,0.0033,0.0001,0.3893,0.6516,-0.1422,0.1257,-0.1236
2012/05/06,-0.0162,-0.0024,0.0018,0.0016,0.0015,0.0,0.0025,0.0003,-1.5679,-0.4718,0.0461,0.0302,0.1262
2012/05/13,-0.0029,0.0012,-0.0107,0.0,-0.0006,0.0,0.0056,0.0003,-0.2783,0.0137,-0.0023,0.1277,-0.0201
2012/05/20,-0.008,-0.0015,0.0007,0.0016,0.0038,0.0,0.0061,0.0003,-0.8147,-0.3274,0.2872,0.1892,0.0483
2012/05/27,-0.0016,0.0024,-0.0014,0.0018,0.0013,0.0,-0.0054,0.0003,-0.1543,0.1027,0.0892,-0.4683,0.1217
2012/06/03,-0.026,-0.0057,0.0005,0.002,0.0005,0.0,0.0001,0.0001,-2.4529,-0.6636,0.1958,0.2342,0.5261
2012/06/10,0.0085,0.0022,0.0005,-0.001,0.0011,0.0,0.0037,0.0001,0.7131,0.3629,0.089,0.0263,0.0059
2012/06/17,0.0107,0.001,-0.0003,-0.0024,-0.0042,0.0,-0.0073,0.0001,1.0114,0.2204,-0.378,-0.3406,0.1805
2012/06/24,0.0079,0.0063,0.0018,-0.0027,-0.0005,0.0,-0.0018,0.0001,0.7253,0.5643,-0.2096,-0.4291,0.137
2012/07/01,0.0255,0.003,-0.0061,-0.0029,-0.0058,0.0,-0.0115,0.0001,2.5626,0.5717,-0.4846,0.0771,0.2103
2012/07/08,-0.0099,-0.0034,0.0039,0.0016,0.0065,0.0,0.0107,0.0002,-0.9964,-0.3982,0.8387,0.2494,-0.3471
2012/07/15,0.0162,-0.0029,0.0056,-0.0017,0.0003,0.0,-0.0029,0.0002,1.5266,-0.1027,-0.181,0.2271,-0.0825
2012/07/22,-0.0106,-0.0038,0.0008,0.0003,0.0033,0.0,0.0029,0.0002,-0.9919,-0.5083,0.5294,-0.0426,-0.1364
2012/07/29,0.0196,0.0055,0.0007,-0.0017,-0.0034,0.0,-0.0096,0.0002,1.8921,0.4909,-0.6299,-0.6005,-0.131
2012/08/05,0.0199,0.0063,0.0051,-0.0026,-0.0017,0.0,-0.0075,0.0002,1.9235,0.6984,-0.2241,-0.1688,-0.28
2012/08/12,0.0017,-0.0036,-0.0005,0.0013,0.0007,0.0,-0.0023,0.0002,0.1878,-0.2863,0.0954,-0.1094,0.1718
2012/08/19,0.0027,0.0061,0.0011,0.0003,-0.0016,0.0,0.0008,0.0002,0.2642,0.7046,-0.1377,0.2812,-0.1496
2012/08/26,0.0061,-0.0029,-0.0003,-0.0011,0.0016,0.0,0.0023,0.0002,0.5503,-0.4145,0.1415,-0.2319,0.051
2012/09/02,0.0052,-0.0008,-0.0003,-0.0007,-0.0027,0.0,-0.0042,0.0002,0.5875,-0.0429,-0.4044,-0.1532,-0.2212
2012/09/09,0.0045,0.0008,0.0076,-0.0005,0.0007,0.0,-0.0138,0.0004,0.565,0.5636,-0.3701,0.2137,-0.6229
2012/09/16,0.0054,0.0056,0.0046,-0.0011,-0.0039,0.0,-0.0117,0.0004,0.6144,0.6639,-0.4917,-0.162,-0.2771
2012/09/23,0.0004,0.0046,-0.0001,-0.0022,0.0012,0.0,0.0028,0.0004,0.0444,0.3544,0.2371,-0.2157,-0.0893
2012/09/30,-0.0046,-0.0029,-0.0023,-0.0001,0.0,0.0,-0.0007,0.0004,-0.4505,-0.3165,0.0748,-0.0151,0.0906
2012/10/07,-0.0003,-0.0017,0.0023,-0.0013,0.0062,0.0,0.0017,0.0002,-0.0145,-0.1677,0.589,0.0451,-0.1796
2012/10/14,-0.0034,-0.0039,-0.0087,0.0053,-0.0019,0.0,0.0012,0.0002,-0.3499,-0.5633,0.0033,0.2608,-0.0148
2012/10/21,-0.0168,-0.0035,0.0046,-0.0012,0.0042,0.0,0.0028,0.0002,-1.5644,-0.3927,0.5571,0.1296,-0.2014
2012/10/28,-0.0007,-0.002,-0.0043,0.0038,-0.0021,0.0,-0.0001,0.0002,-0.1383,-0.3948,-0.1809,-0.0411,0.1353
2012/11/04,-0.0104,-0.0047,0.0024,0.0031,0.0047,0.0,0.0004,0.0004,-0.9756,-0.577,0.4195,0.1169,0.1094
2012/11/11,0.0015,-0.0001,-0.0011,0.0002,-0.0008,0.0,0.0028,0.0004,0.0936,-0.0472,-0.0507,-0.0456,0.1442
2012/11/18,0.0058,0.0003,0.0007,-0.0035,0.002,0.0,0.0084,0.0004,0.6195,0.1078,0.0483,0.0121,-0.0473
2012/11/25,0.0128,-0.0015,0.0008,0.0012,-0.0002,0.0,-0.0023,0.0004,1.2718,-0.1678,0.0042,0.0929,0.194
2012/12/02,0.0002,-0.0016,0.0028,-0.0015,0.0034,0.0,0.0007,0.0004,0.0257,-0.2897,0.309,-0.1827,-0.1681
2012/12/09,0.0027,-0.0034,0.0029,-0.0007,0.004,1e-05,-0.003,0.0005,0.2525,-0.203,0.2991,-0.1556,-0.4858
2012/12/16,-0.0034,0.0031,0.0023,-0.0017,0.0033,1e-05,-0.0045,0.0005,-0.3112,0.3279,0.2821,-0.3479,-0.4122
2012/12/23,-0.0088,0.0044,-0.0027,0.0023,-0.0015,1e-05,-0.002,0.0005,-0.8501,0.3317,-0.1049,-0.0429,0.0743
2012/12/30,-0.01,0.0046,0.0003,-0.0009,0.0011,1e-05,0.0035,0.0005,-0.9288,0.5021,0.0603,0.2154,-0.0184
2013/01/06,0.0055,0.0018,0.0036,-0.0036,0.0024,0.0,-0.0037,0.0001,0.5627,0.271,0.0697,-0.5138,-0.5784
2013/01/13,0.0002,0.0005,-0.0043,0.0023,-0.0021,0.0,-0.0018,0.0001,0.0246,-0.0057,0.0134,0.018,0.0702
2013/01/20,0.0029,0.0004,-0.0009,0.0018,0.0025,0.0,0.0007,0.0001,0.2936,-0.0446,0.3104,-0.1472,-0.1326
2013/01/27,0.0059,-0.0014,-0.0032,-0.0016,-0.0014,0.0,-0.0017,0.0001,0.5248,-0.1846,-0.2925,-0.4297,0.078
2013/02/03,0.0099,0.0008,0.0024,-0.0026,-0.0003,0.0,0.0031,0.0003,0.9285,0.1289,-0.1986,-0.1763,0.0881
2013/02/10,0.0058,0.0003,-0.0018,0.0009,-0.0045,0.0,-0.002,0.0003,0.5391,0.0153,-0.4464,0.0889,0.044
2013/02/17,-0.0011,0.0002,-0.0009,-0.0003,0.0016,0.0,0.0041,0.0003,-0.2006,-0.0186,0.3698,0.3062,0.0643
2013/02/24,0.0094,0.0021,-0.0004,-0.0016,-0.0009,0.0,0.0024,0.0003,0.868,0.2286,-0.115,-0.3087,-0.1488
2013/03/03,0.0022,0.0013,-0.003,-0.0011,-0.0002,0.0,0.0097,0.0002,0.1767,0.1457,-0.0239,0.2842,0.0418
2013/03/10,0.0052,0.0038,-0.0016,0.0,-0.0001,0.0,-0.0002,0.0002,0.4896,0.425,0.0747,-0.1457,-0.4731
2013/03/17,-0.0019,0.0012,0.0039,0.002,0.0003,0.0,-0.0059,0.0002,-0.1524,0.2134,-0.1303,0.1049,-0.1774
2013/03/24,0.0062,-0.0048,-0.0025,0.0015,-0.001,0.0,0.0017,0.0002,0.5843,-0.517,-0.0495,0.0193,0.2477
2013/03/31,0.0039,-0.0031,-0.0027,-0.0016,0.0005,0.0,0.0049,0.0002,0.4038,-0.3533,-0.0101,-0.0089,0.2309
2013/04/07,-0.0041,0.0008,0.0031,-0.001,0.0027,0.0,0.0015,0.0002,-0.3522,-0.032,0.0309,-0.4256,-0.4635
2013/04/14,-0.0028,-0.0015,-0.0045,0.0,0.0002,0.0,0.0023,0.0002,-0.3773,-0.236,0.1436,0.3537,0.1642
2013/04/21,0.0097,0.0008,0.001,-0.0033,0.002,0.0,0.0125,0.0002,0.936,0.1199,0.1642,0.007,-0.4533
2013/04/28,-0.002,-0.0037,-0.0024,0.0008,0.0014,0.0,-0.0006,0.0002,-0.2475,-0.4014,0.2748,0.129,-0.1802
2013/05/05,0.0112,0.006,0.0018,-0.0021,-0.0027,0.0,-0.0036,0.0001,1.0386,0.6727,-0.3178,-0.4009,-0.5339
2013/05/12,0.0054,0.004,-0.0018,-0.003,-0.0001,0.0,0.0016,0.0001,0.4661,0.4143,-0.1418,-0.2449,-0.1028
2013/05/19,0.0104,0.0007,0.0031,0.0009,-0.0014,0.0,-0.0008,0.0001,0.94,0.2673,-0.2739,-0.1166,-0.3343
2013/05/26,-0.0006,0.0016,0.0007,-0.0007,0.0001,0.0,0.0015,0.0001,-0.1022,0.3046,0.15,0.2103,0.0489
2013/06/02,-0.0131,0.0049,-0.0026,0.002,-0.0014,0.0,-0.0024,0.0001,-1.357,0.3458,-0.1639,-0.0578,0.0473
2013/06/09,0.013,-0.0044,0.0006,-0.0028,-0.0004,0.0,0.0054,0.0001,1.1376,-0.3655,-0.1284,0.005,-0.1094
2013/06/16,-0.0059,-0.0027,-0.0057,0.0021,-0.0004,0.0,0.0025,0.0001,-0.5378,-0.4432,0.2733,-0.0403,0.0855
2013/06/23,0.0013,0.0023,-0.0007,-0.0015,0.0014,0.0,-0.0065,0.0001,0.1448,-0.0503,0.1359,-0.2612,-0.105
2013/06/30,-0.0033,0.003,-0.0013,0.0015,-0.003,0.0,-0.0044,0.0001,-0.28,0.2539,-0.1537,0.0544,0.2889
2013/07/07,0.0111,0.004,0.0047,-0.0034,0.0017,0.0,0.0057,0.0,0.9023,0.5127,0.0422,-0.0644,0.0396
2013/07/14,0.0033,-0.0004,0.002,-0.0067,0.0004,0.0,0.0049,0.0,0.2476,0.0015,-0.0918,-0.3517,0.1923
2013/07/21,0.0009,-0.0013,0.0027,-0.0034,0.0048,0.0,0.0006,0.0,0.1478,-0.2945,0.2323,-0.3592,-0.7084
2013/07/28,0.0002,-0.0064,-0.0029,0.0015,-0.0017,0.0,0.0002,0.0,0.0144,-0.7311,-0.1629,-0.0761,-0.1426
2013/08/04,0.002,-0.0024,-0.0032,-0.0002,-0.0007,0.0,0.005,0.0,0.1333,-0.2671,-0.0281,0.1736,-0.288
2013/08/11,-0.0029,0.0012,-0.0019,0.0014,-0.0016,0.0,0.0011,0.0,-0.192,-0.0502,-0.0966,-0.3136,-0.0572
2013/08/18,-0.0026,0.0004,0.0013,-0.0015,-0.0013,0.0,0.0042,0.0,-0.2934,0.1519,-0.0047,0.2753,-0.079
2013/08/25,0.0038,-0.0027,-0.0015,0.0011,-0.0024,0.0,-0.0031,0.0,0.4365,-0.2673,-0.1172,-0.1493,0.2397
2013/09/01,-0.0047,-0.0115,-0.0019,0.0001,-0.0009,0.0,-0.0044,0.0,-0.4824,-1.2123,-0.2331,-0.1563,0.0227
2013/09/08,0.0,-0.0001,0.0002,-0.0017,-0.0009,0.0,-0.0022,0.0,0.1049,-0.1755,-0.0667,-0.4558,-0.1915
2013/09/15,0.0029,0.0028,-0.0005,0.0016,0.0023,0.0,-0.0003,0.0,0.2666,0.2311,0.2544,0.0627,0.1781
2013/09/22,-0.0063,0.0052,0.002,-0.001,-0.0017,0.0,0.0032,0.0,-0.7309,0.5803,-0.135,0.0158,0.4812
2013/09/29,-0.0039,-0.0001,-0.0002,0.0005,-0.0011,0.0,0.0034,0.0,-0.3604,0.0849,-0.0637,0.1472,0.2769
2013/10/06,0.0074,-0.0001,0.0011,-0.0027,-0.0012,0.0,0.0053,0.0001,0.6732,0.0437,-0.1141,-0.1197,-0.0329
2013/10/13,0.0071,0.0077,0.0,0.0012,-0.0013,0.0,0.0024,0.0001,0.6889,0.6997,-0.1824,0.4045,-0.0259
2013/10/20,0.0073,0.0025,0.0013,-0.0007,-0.0042,0.0,0.0032,0.0001,0.6936,0.1922,-0.662,-0.2874,0.1211
2013/10/27,0.0033,-0.0031,0.0008,0.0015,0.0004,0.0,-0.0026,0.0001,0.3135,-0.4956,-0.1234,-0.4628,0.3561
2013/11/03,0.002,-0.0063,0.0023,0.0024,0.0029,0.0,-0.0006,0.0002,0.1406,-0.5616,0.4721,0.0837,-0.238
2013/11/10,0.0145,0.0059,0.0046,-0.005,-0.0006,0.0,0.013,0.0002,1.2338,0.7283,-0.1365,-0.0697,-0.0508
2013/11/17,0.0043,0.0007,-0.0028,0.0004,-0.0004,0.0,-0.0005,0.0002,0.4417,0.0718,-0.0877,-0.117,0.0153
2013/11/24,0.005,-0.0007,0.0008,-0.0006,-0.0002,0.0,0.0048,0.0002,0.4571,-0.1112,0.0072,-0.1648,-0.1721
2013/12/01,-0.0002,0.0025,-0.0015,-0.0001,-0.0015,0.0,-0.0021,0.0002,0.0164,0.1569,-0.2038,-0.2069,-0.0106
2013/12/08,0.0102,-0.0029,0.0018,0.0,0.0044,0.0,0.0025,0.0001,0.9676,-0.1615,0.3468,0.5816,0.0121
2013/12/15,0.001,0.0023,0.0,-0.0026,0.002,0.0,0.0043,0.0001,0.1276,0.2153,0.1997,-0.3168,-0.4637
2013/12/22,0.0069,0.0126,-0.0029,-0.0024,-0.0038,0.0,0.0039,0.0001,0.6902,1.2025,-0.349,-0.3257,-0.0991
2013/12/29,-0.0005,-0.0003,0.0024,0.0009,0.0024,0.0,-0.0084,0.0001,-0.0067,0.0002,0.1772,-0.172,-0.104
2014/01/05,0.0003,0.0041,0.0004,-0.0036,0.0014,0.0,0.0024,0.0001,0.0489,0.6481,0.1239,0.1681,-0.0434
2014/01/12,0.0027,0.0045,-0.0082,-0.003,-0.0033,0.0,-0.0015,0.0001,0.358,0.2203,-0.0775,-0.0531,0.1611
2014/01/19,-0.0039,0.0001,0.0002,-0.0019,0.0003,0.0,0.0,0.0001,-0.3463,-0.1038,-0.0002,-0.2303,0.1773
2014/01/26,-0.0219,-0.0038,0.0017,0.0021,0.0004,0.0,-0.0099,0.0001,-2.1124,-0.5407,-0.0737,-0.0825,0.329
2014/02/02,-0.0066,-0.001,-0.0034,0.002,-0.0021,0.0,0.0011,0.0001,-0.5798,0.1427,0.1892,0.7735,0.165
2014/02/09,0.0133,-0.0024,-0.0063,-0.0044,-0.0047,0.0,0.0058,0.0002,1.261,-0.3796,-0.3735,-0.4215,0.1806
2014/02/16,0.0042,-0.0033,0.0036,0.0037,0.0035,0.0,-0.0033,0.0002,0.4117,-0.3715,0.2623,-0.0729,-0.0602
2014/02/23,-0.0009,0.0037,-0.0002,0.0,-0.0007,0.0,0.0024,0.0002,-0.0819,0.294,0.0772,-0.0891,-0.093
2014/03/02,0.0015,-0.0067,0.0084,0.0044,0.0013,0.0,-0.0027,0.0002,0.1664,-0.5107,0.1462,0.6338,-0.1816
2014/03/09,0.0004,-0.0001,0.0052,0.0018,0.0031,0.0,-0.0024,0.0001,-0.0797,0.054,0.4127,0.1577,0.167
2014/03/16,-0.0016,0.0068,-0.0009,0.0019,0.0002,0.0,-0.0012,0.0001,-0.1382,0.4863,0.0402,-0.2212,0.0448
2014/03/23,-0.0037,-0.0017,0.0086,0.005,0.0041,0.0,-0.0111,0.0001,-0.2869,0.0246,0.5543,0.349,-0.224
2014/03/30,0.0041,-0.0036,0.0055,0.0057,0.0031,0.0,-0.0047,0.0001,0.4472,-0.3759,0.31,0.1171,-0.0895
2014/04/06,-0.0147,-0.0101,0.0069,0.0063,0.0045,0.0,-0.0169,0.0001,-1.2586,-1.153,0.4088,0.091,-0.2712
2014/04/13,-0.0107,-0.0038,0.0023,0.0043,0.0003,0.0,-0.0053,0.0001,-0.9782,-0.5314,0.0008,0.3352,0.1457
2014/04/20,0.0023,0.0031,0.0023,-0.0019,0.001,0.0,0.0027,0.0001,0.2273,0.1206,-0.0304,-0.1394,-0.2272
2014/04/27,-0.0105,-0.0088,0.0053,0.0083,0.0066,0.0,-0.0128,0.0001,-0.9471,-0.9173,0.757,0.4626,0.0139
2014/05/04,-0.0007,0.0026,0.0041,0.0032,0.0017,0.0,0.0011,0.0,-0.0265,0.3552,0.109,0.4084,-0.1373
2014/05/11,0.0025,0.0064,-0.0036,-0.0014,-0.0007,0.0,-0.0017,0.0,0.1575,0.6561,-0.2205,0.0094,0.0334
2014/05/18,0.0036,0.0023,-0.0042,0.0019,-0.0017,0.0,-0.0018,0.0,0.341,0.3042,-0.0156,0.4128,0.2419
2014/05/25,0.0049,0.006,-0.0023,-0.0011,-0.0005,0.0,0.0041,0.0,0.4764,0.5867,-0.0312,-0.0375,-0.0355
2014/06/01,0.0006,-0.0061,0.0026,0.0034,0.0008,0.0,-0.0001,0.0,0.0651,-0.6064,0.0434,0.2704,0.123
2014/06/08,0.0054,0.0048,-0.0001,-0.0013,-0.0011,0.0,-0.0023,0.0001,0.5111,0.445,-0.1266,-0.0558,-0.3196
2014/06/15,0.0031,-0.0005,-0.0018,0.001,-0.001,0.0,-0.0008,0.0001,0.3064,-0.2608,-0.1369,-0.3562,-0.0916
2014/06/22,0.0018,0.002,0.0005,0.0003,0.0003,0.0,0.0034,0.0001,0.2068,0.2242,-0.0346,0.0762,0.1235
2014/06/29,0.0026,0.0048,-0.0022,0.0013,-0.0014,0.0,-0.0012,0.0001,0.2881,0.5461,-0.2665,-0.08,-0.0709
2014/07/06,0.0059,0.0021,0.0011,0.0001,0.0021,0.0,0.0006,0.0001,0.4963,0.3233,0.1383,0.2558,0.0376
2014/07/13,0.0012,-0.003,-0.0038,-0.0039,-0.001,0.0,0.0012,0.0001,0.0772,-0.311,-0.0957,-0.0259,-0.0818
2014/07/20,0.0112,0.0046,-0.0045,-0.0026,-0.0028,0.0,0.005,0.0001,1.0256,0.4633,-0.3111,-0.1328,0.3086
2014/07/27,-0.0053,-0.004,0.0018,-0.0001,0.0007,0.0,-0.0021,0.0001,-0.5033,-0.4862,0.1325,0.1171,-0.2127
2014/08/03,-0.0032,-0.0023,-0.0005,0.0009,0.0016,0.0,0.003,0.0,-0.3456,-0.167,0.3023,0.5896,0.1348
2014/08/10,0.0112,-0.0016,-0.0015,0.0034,0.0015,0.0,0.0005,0.0,1.03,-0.2341,0.2119,0.0663,-0.0832
2014/08/17,0.0,-0.0015,-0.0014,0.0018,-0.0023,0.0,0.0038,0.0,0.0295,-0.2389,-0.0992,-0.0896,0.2722
2014/08/24,-0.001,0.0027,-0.0036,-0.0006,-0.0015,0.0,0.0009,0.0,-0.1441,0.1826,-0.1588,-0.1095,0.0452
2014/08/31,0.0039,0.0029,0.0009,-0.0031,-0.0016,0.0,0.0006,0.0,0.3797,0.1742,-0.1002,-0.4022,0.0994
2014/09/07,0.0045,-0.0028,-0.0003,0.0013,0.0003,0.0,0.0028,0.0,0.4378,-0.376,0.1352,-0.0604,0.1416
2014/09/14,-0.0055,-0.0019,0.0011,-0.0006,0.0014,0.0,-0.0042,0.0,-0.6582,0.007,0.0421,0.3284,-0.007
2014/09/21,-0.0018,-0.0096,0.0003,0.002,-0.0006,0.0,0.0001,0.0,-0.2361,-1.0727,0.0444,-0.0625,-0.0643
2014/09/28,0.0085,-0.0006,-0.0024,0.0009,-0.0048,0.0,0.0059,0.0,0.8413,-0.1343,-0.3031,0.3479,0.2466
2014/10/05,0.0108,-0.004,-0.0044,-0.001,-0.0009,0.0,0.0046,0.0001,0.9108,-0.2843,-0.311,0.1263,-0.2061
2014/10/12,-0.013,-0.0007,0.005,0.0074,0.0035,0.0,-0.0038,0.0001,-1.3339,-0.183,0.3848,0.4097,-0.2198
2014/10/19,0.0114,-0.0157,-0.0009,-0.0003,0.0027,0.0,0.0106,0.0001,1.0815,-1.2856,0.2465,0.9751,-0.1849
2014/10/26,0.0066,-0.005,-0.0012,-0.0034,0.0009,0.0,0.0109,0.0001,0.6017,-0.2733,0.3203,0.4346,-0.3625
2014/11/02,0.0123,0.0032,0.002,0.0019,-0.0001,0.0,0.0,0.0001,1.1532,0.2979,-0.0637,-0.1386,0.2694
2014/11/09,0.0009,0.0001,0.0047,-0.0021,0.0006,0.0,-0.0091,0.0,0.1989,-0.1442,0.0286,-0.4449,-0.0743
2014/11/16,0.0006,-0.0015,0.0017,-0.0002,-0.0012,0.0,-0.008,0.0,0.1343,-0.1326,-0.2181,-0.2119,0.0149
2014/11/23,0.0048,-0.0037,-0.0007,-0.0008,0.0004,0.0,-0.0034,0.0,0.5321,-0.3051,0.0222,-0.1519,-0.2354
2014/11/30,-0.0034,-0.01,-0.0116,0.0067,0.0002,0.0,0.0114,0.0,-0.6087,-0.8007,-0.1058,0.7811,0.229
2014/12/07,0.0025,0.0057,0.0025,-0.0065,0.0018,0.0,0.0041,0.0,0.1455,0.7403,0.0098,0.0088,-0.1642
2014/12/14,-0.0155,0.0046,-0.0059,0.0021,-0.0029,0.0,0.0004,0.0,-1.5237,0.2205,-0.2524,-0.2733,0.1357
2014/12/21,0.0043,-0.0024,0.0023,-0.0047,-0.0002,0.0,-0.0096,0.0,0.4599,-0.3519,0.1253,-0.6654,-0.321
2014/12/28,0.0039,0.0034,-0.0031,-0.0008,-0.0015,0.0,0.0008,0.0,0.3674,0.2697,-0.1264,-0.1693,-0.1722
2015/01/04,-0.0012,-0.0057,0.0008,-0.0025,0.0012,0.0,-0.0008,0.0001,-0.0235,-0.4646,0.1826,-0.0829,0.0757
2015/01/11,-0.0085,-0.0002,-0.0047,-0.0012,-0.0016,0.0,-0.0001,0.0001,-0.755,-0.0055,0.0406,-0.0719,0.0866
2015/01/18,0.0136,0.0049,-0.0013,-0.0031,-0.001,0.0,-0.002,0.0001,1.3848,0.5405,-0.0833,-0.0444,0.1471
2015/01/25,-0.0047,0.0043,-0.0077,-0.0005,-0.0053,0.0,0.001,0.0001,-0.4201,0.4154,-0.49,-0.2257,0.146
2015/02/01,-0.0131,-0.0084,0.0005,-0.0016,-0.0045,0.0,-0.0266,0.0001,-1.219,-1.2179,-0.7277,-1.0814,0.3008
2015/02/08,-0.002,0.0009,0.0034,-0.0018,-0.0012,0.0,-0.0078,-0.0001,-0.3589,0.0974,-0.4096,0.0669,-0.0824
2015/02/15,0.0047,0.0014,-0.0032,-0.003,-0.0024,0.0,-0.0133,-0.0001,0.4738,0.2593,0.0959,0.0239,-0.3855
2015/02/22,0.0061,-0.0044,-0.0027,-0.0007,-0.001,0.0,0.0056,-0.0001,0.5713,-0.3843,-0.2567,0.0708,-0.2887
2015/03/01,-0.0036,-0.0022,0.002,0.0006,0.0028,0.0,-0.0018,-0.0001,-0.2606,-0.1215,0.1886,-0.2714,-0.1345
2015/03/08,-0.0129,0.003,0.0043,-0.0011,0.0001,0.0,0.001,0.0,-1.3853,0.2951,-0.2188,-0.0346,0.2046
2015/03/15,-0.0057,0.002,-0.0004,-0.001,-0.0011,0.0,0.0072,0.0,-0.5523,0.2217,-0.1932,-0.3107,0.0384
2015/03/22,0.0081,-0.0011,0.0056,0.0044,0.0022,0.0,-0.004,0.0,0.9384,-0.123,0.1344,0.5476,0.268
2015/03/29,0.0032,0.0043,-0.0071,-0.0014,-0.0013,0.0,0.0115,0.0,0.2472,0.4724,-0.0746,0.0077,-0.124
2015/04/05,0.0035,-0.001,0.0028,-0.0012,0.0023,0.0,-0.0056,0.0001,0.4002,-0.0704,0.0716,0.0258,-0.22
2015/04/12,0.0049,-0.0016,-0.0029,-0.0047,0.0021,0.0,0.0031,0.0001,0.4603,-0.2103,0.1787,-0.1977,-0.7276
2015/04/19,-0.0123,-0.0042,0.0016,0.0016,0.0007,0.0,0.0008,0.0001,-1.1305,-0.5625,0.2256,-0.068,-0.2899
2015/04/26,0.0017,-0.0053,-0.0031,0.0083,-0.0052,0.0,0.0038,0.0001,0.1159,-0.6878,-0.4302,0.342,0.1592
2015/05/03,0.0101,-0.0031,-0.006,0.0025,-0.001,0.0,0.01,0.0,0.9301,-0.0162,0.1372,0.8231,0.2929
2015/05/10,0.0121,-0.0055,-0.0012,-0.0028,-0.0022,0.0,0.0017,0.0,1.2089,-0.5239,-0.1753,-0.0124,0.3329
2015/05/17,0.0005,-0.0022,-0.0021,0.0025,0.0027,0.0,-0.0036,0.0,0.1066,-0.2048,0.2583,-0.0322,-0.146
2015/05/24,-0.0022,-0.0013,-0.0012,-0.0012,-0.0004,0.0,0.003,0.0,-0.2204,-0.0788,0.0334,-0.0764,-0.0321
2015/05/31,-0.0058,0.0005,0.0004,-0.0025,0.0001,0.0,0.0013,0.0,-0.5812,-0.018,-0.0032,-0.2283,-0.0906
2015/06/07,0.0006,0.0084,0.001,-0.0054,-0.0038,0.0,-0.002,0.0,-0.0011,0.7286,-0.4271,-0.7066,-0.4404
2015/06/14,-0.0063,0.0034,0.0012,0.0009,0.001,0.0,0.0009,0.0,-0.6182,0.4797,-0.0503,0.281,0.0218
2015/06/21,-0.0043,0.0052,-0.002,0.0008,-0.0005,0.0,0.0038,0.0,-0.4865,0.4273,0.017,0.3034,-0.2072
2015/06/28,-0.0006,-0.0018,0.0041,0.0032,0.0028,0.0,0.0004,0.0,-0.0817,-0.2633,0.2544,0.2872,-0.2292
2015/07/05,-0.0011,-0.0061,-0.001,-0.0005,-0.0002,0.0,-0.0033,-0.0002,-0.0553,-0.6521,-0.0256,-0.211,-0.1207
2015/07/12,0.0124,0.0019,-0.0051,-0.0022,-0.0002,0.0,0.0108,-0.0002,1.2686,0.2696,-0.094,0.4693,0.1531
2015/07/19,0.0005,-0.0065,-0.0066,-0.0025,-0.0072,0.0,-0.001,-0.0002,-0.0623,-0.611,-0.6596,0.0038,0.2908
2015/07/26,-0.0108,-0.0069,0.0005,-0.0005,-0.0008,0.0,0.0105,-0.0002,-1.0026,-0.6343,-0.3545,0.2224,0.2238
2015/08/02,-0.0015,0.0074,-0.0101,0.0024,-0.0008,0.0,0.012,-0.0002,-0.0766,0.6327,-0.1437,0.3014,-0.0039
2015/08/09,-0.0036,-0.0045,-0.003,0.0027,0.0009,0.0,0.0102,0.0001,-0.3291,-0.202,0.1992,0.7944,0.2532
2015/08/16,0.0043,0.0014,0.0044,-0.0008,0.0001,0.0,0.0019,0.0001,0.3789,0.1862,-0.0098,0.1559,-0.1925
2015/08/23,-0.0295,0.018,0.0014,-0.0073,0.0073,0.0,-0.0013,0.0001,-2.8055,1.7423,0.7429,-0.5314,-0.386
2015/08/30,0.0023,0.01,0.0008,-0.0026,0.0008,0.0,-0.0152,0.0001,0.2546,0.7238,-0.083,-1.2112,-0.404
2015/09/06,-0.0139,0.0084,-0.0057,-0.0008,-0.004,0.0,0.007,0.0,-1.3766,0.8152,-0.4044,0.1453,0.0856
2015/09/13,0.0044,-0.0028,-0.0069,-0.001,-0.0032,0.0,0.0125,0.0,0.3421,-0.1793,-0.21,0.4197,0.2159
2015/09/20,-0.0162,0.0029,-0.0096,-0.0044,-0.0045,0.0,0.0123,0.0,-1.5333,0.0722,-0.3669,-0.1818,-0.1081
2015/09/27,-0.0022,-0.0147,0.0188,0.0054,0.0048,0.0,-0.0051,0.0,-0.2121,-1.0788,0.4506,1.3264,0.4333
2015/10/04,0.0148,0.0025,-0.0084,-0.0013,0.0004,0.0,-0.0218,-0.0001,1.5205,-0.2024,0.0102,-2.0303,-0.512
2015/10/11,0.0012,0.001,-0.0107,0.0012,-0.0011,0.0,0.0042,-0.0001,0.1438,0.1211,-0.1844,0.0134,-0.0963
2015/10/18,0.0036,-0.0053,-0.0032,0.0004,0.0006,0.0,0.0077,-0.0001,0.34,-0.6235,-0.0427,0.241,-0.0276
2015/10/25,0.0109,-0.0003,-0.0056,0.0025,-0.0066,0.0,0.009,-0.0001,0.9514,-0.0393,-0.6987,-0.236,0.7143
2015/11/01,-0.0042,0.0017,-0.0056,0.0035,0.001,0.0,-0.0102,-0.0001,-0.4012,0.2106,-0.1428,-0.0918,-0.2205
2015/11/08,0.0014,0.0093,0.0033,-0.0051,-0.0013,0.0,0.0033,0.0001,-0.038,1.0422,-0.1121,-0.383,0.0428
2015/11/15,-0.0107,0.0033,0.0037,-0.0057,0.004,0.0,-0.006,0.0001,-0.9786,0.4217,0.5296,-0.5853,-0.736
2015/11/22,0.0036,0.004,-0.0039,0.0029,0.0004,0.0,0.009,0.0001,0.3011,0.5281,-0.1062,0.2949,0.8355
2015/11/29,0.0009,0.0022,-0.0029,-0.0016,0.0008,0.0,0.0078,0.0001,0.0779,0.335,-0.0511,0.4236,0.1278
2015/12/06,0.0187,-0.0104,-0.0048,0.0015,-0.0034,0.0,0.0203,0.0005,1.645,-0.6078,-0.2828,1.316,1.296
2015/12/13,-0.0203,-0.0021,-0.0006,0.002,0.0029,0.0,0.0041,0.0005,-1.9856,-0.013,0.3319,0.8029,1.0309
2015/12/20,-0.017,0.0069,-0.0037,-0.0029,0.0024,0.0,-0.0077,0.0005,-1.5074,0.4721,0.3513,-0.5367,-0.2639
2015/12/27,-0.0011,0.0026,-0.0002,-0.0021,0.0012,0.0,0.0008,0.0005,-0.0836,0.2652,0.0632,0.0098,0.0908
2016/01/03,-0.0092,-0.0023,0.0023,-0.0011,0.0009,0.0,-0.0097,0.0005,-0.8207,-0.3049,0.0536,-0.6669,-0.9432
2016/01/10,-0.0111,-0.0052,-0.0003,0.0025,0.0005,0.0,-0.0011,0.0002,-1.0927,-0.5725,-0.0436,0.1699,-0.049
2016/01/17,-0.0214,0.004,-0.0024,0.0037,0.0045,0.0,0.0036,0.0002,-2.1699,0.3844,0.3548,0.8949,0.3299
2016/01/24,0.0208,0.0013,-0.002,-0.0052,-0.0064,0.0,-0.0016,0.0002,2.2495,0.1129,-0.8114,-0.4362,-0.2133
2016/01/31,0.0257,0.006,0.0043,0.0001,0.0041,0.0,-0.012,0.0002,2.4567,0.755,0.5225,-0.3582,-1.0182
2016/02/07,-0.0206,-0.0074,0.0164,0.0106,0.0119,1e-05,-0.0069,0.001,-1.9628,-0.2701,1.7124,0.8445,0.0328
2016/02/14,0.0199,-0.0027,0.011,-0.004,0.0019,1e-05,-0.0129,0.001,2.0136,-0.1149,0.2509,-0.2598,-1.0046
2016/02/21,0.0006,0.0027,-0.0058,-0.0065,-0.0039,1e-05,0.0145,0.001,-0.0238,0.2916,-0.3993,-0.0707,0.3467
2016/02/28,-0.0001,0.0086,0.0029,-0.0056,-0.0004,1e-05,-0.0201,0.001,0.0268,0.8835,-0.103,-0.8296,-0.8211
2016/03/06,0.0037,0.0033,0.0029,0.001,0.0007,1e-05,-0.0097,0.0009,0.4148,0.1882,-0.1479,-0.6873,-0.5886
2016/03/13,0.0169,0.0031,0.0023,-0.0041,-0.0043,1e-05,-0.0196,0.0009,1.7445,0.3694,-0.6338,-0.986,-0.2281
2016/03/20,0.0054,0.0043,-0.0015,-0.0022,0.0009,1e-05,-0.0086,0.0009,0.3865,0.48,-0.0552,-0.4324,-0.2468
2016/03/27,0.0,0.0045,-0.0007,0.0006,0.0006,1e-05,-0.0052,0.0009,-0.0158,0.316,-0.0638,-0.3345,-0.2944
2016/04/03,0.0064,-0.0032,-0.0062,-0.0039,-0.001,0.0,0.011,0.0002,0.4654,-0.1532,-0.0495,0.4321,0.1918
2016/04/10,0.0029,0.0013,0.0068,0.0038,0.0024,0.0,-0.0061,0.0002,0.4348,0.0148,0.0766,-0.6535,-0.5507
2016/04/17,-0.0004,0.0031,-0.0034,0.0023,0.0021,0.0,0.0043,0.0002,-0.0557,0.3382,0.1998,0.2276,-0.0458
2016/04/24,0.0012,0.01,0.0052,-0.0008,0.0083,0.0,-0.0129,0.0002,0.1831,0.8524,0.2216,-0.9901,-0.6399
2016/05/01,-0.005,-0.0022,0.0038,0.0002,-0.0019,0.0,0.0071,0.0002,-0.4467,-0.4398,-0.1247,-0.301,-0.017
2016/05/08,0.0038,0.0007,0.0024,0.0018,0.0029,1e-05,0.0023,0.0005,0.3517,0.3471,0.2415,0.4087,0.4264
2016/05/15,-0.0082,0.0031,-0.0068,-0.0055,-0.0011,1e-05,0.0019,0.0005,-0.7978,0.3943,-0.1496,-0.1142,0.1442
2016/05/22,0.0075,0.0085,-0.0027,-0.004,-0.004,1e-05,-0.012,0.0005,0.7627,0.8196,-0.3471,-0.371,-0.1308
2016/05/29,0.0049,0.0036,-0.0017,-0.0011,-0.001,1e-05,-0.002,0.0005,0.4399,0.4605,-0.1319,0.2772,0.1865
2016/06/05,-0.0038,-0.0021,-0.0007,0.0051,0.0016,1e-05,0.0066,0.0009,-0.1931,-0.3793,-0.005,0.3567,-0.0709
2016/06/12,-0.0105,-0.0038,-0.0018,0.0018,0.0057,1e-05,0.0151,0.0009,-1.124,-0.1287,0.7244,1.0029,0.71
2016/06/19,-0.003,0.0006,0.0095,0.0042,0.0048,1e-05,-0.01,0.0009,-0.1774,-0.2215,0.09,-0.768,-0.8842
2016/06/26,-0.037,0.0002,-0.0122,0.0098,0.0019,1e-05,0.0203,0.0009,-3.6614,0.0563,-0.1108,1.2959,0.444
2016/07/03,0.0024,0.0047,-0.0043,-0.0007,0.0027,1e-05,-0.0095,0.0009,0.3003,0.4231,0.067,-0.5848,-0.6032
2016/07/10,0.016,0.0098,0.0032,0.0002,0.0029,1e-05,-0.0061,0.0009,1.5471,1.0107,0.2053,-0.2305,-0.1207
2016/07/17,-0.0005,0.0029,0.0,-0.0029,0.0,1e-05,-0.0013,0.0009,-0.0807,0.2035,-0.0022,-0.2063,-0.0842
2016/07/24,0.0048,0.0028,-0.0013,0.004,-0.0028,1e-05,0.0033,0.0009,0.4492,0.1496,-0.344,-0.002,0.1708
2016/07/31,0.0017,-0.0005,0.0001,-0.0002,0.0035,1e-05,0.0015,0.0009,0.2615,-0.2642,0.1667,-0.8644,-0.2747
2016/08/07,0.0093,0.0055,0.0099,-0.0058,-0.0034,1e-05,-0.0134,0.0007,0.8056,0.7286,-0.2169,-0.431,-0.0615
2016/08/14,-0.0006,0.0014,-0.0017,-0.0014,-0.0028,1e-05,-0.0027,0.0007,-0.0503,-0.0944,-0.1601,-0.4365,-0.3141
2016/08/21,-0.0011,0.0007,-0.0014,0.0022,-0.0014,1e-05,-0.0025,0.0007,-0.1836,0.1702,-0.1342,0.336,0.5035
2016/08/28,-0.0015,0.0011,-0.0009,-0.0039,-0.002,1e-05,-0.0045,0.0007,-0.1836,0.0693,-0.2246,-0.2903,0.0947
2016/09/04,0.0053,0.0044,0.0035,-0.0013,0.0019,1e-05,0.0002,0.001,0.5875,0.38,0.2142,-0.2238,-0.358
2016/09/11,-0.0247,-0.0057,0.0041,0.0003,-0.0044,1e-05,-0.0018,0.001,-2.5041,-0.472,-0.1956,0.4129,0.7511
2016/09/18,-0.0036,0.0029,-0.0045,0.0021,-0.0019,1e-05,0.001,0.001,-0.3872,0.1026,-0.1018,-0.104,0.1848
2016/09/25,-0.006,-0.0005,-0.0021,0.0053,-0.0051,1e-05,-0.0036,0.001,-0.5962,-0.1492,-0.6617,0.2162,0.3285
2016/10/02,0.0088,0.0043,0.0034,-0.002,0.001,1e-05,-0.0036,0.001,0.7813,0.427,0.123,-0.0989,-0.2603
2016/10/09,-0.0038,-0.0054,0.002,-0.0028,-0.0035,1e-05,0.0017,0.0008,-0.383,-0.705,-0.3573,-0.147,0.2603
2016/10/16,0.0001,-0.0036,0.0058,0.0007,0.001,1e-05,0.0031,0.0008,-0.0333,-0.1797,0.3212,0.7608,0.4274
2016/10/23,0.0002,-0.0018,-0.0033,0.0017,-0.0017,1e-05,-0.0025,0.0008,-0.0135,-0.0571,-0.122,0.4057,0.2041
2016/10/30,-0.0029,-0.0013,0.0008,-0.0013,0.0036,1e-05,0.0042,0.0008,-0.2578,-0.236,0.2908,0.2114,0.6654
2016/11/06,-0.0012,0.0085,-0.0044,-0.0009,-0.0005,1e-05,-0.006,0.0006,-0.1247,0.7594,-0.2132,-0.1786,0.0881
2016/11/13,0.0018,0.0253,-0.0002,0.0002,-0.0033,1e-05,-0.0026,0.0006,0.0244,2.5555,-0.5859,0.4125,0.6158
2016/11/20,-0.0016,0.0057,0.0038,-0.002,0.0011,1e-05,0.0014,0.0006,-0.1357,0.4427,0.3594,-0.1823,-0.3574
2016/11/27,0.004,-0.0005,-0.0029,0.0026,-0.0016,1e-05,0.0003,0.0006,0.364,0.081,-0.2888,0.4374,0.2554
2016/12/04,0.0,-0.0001,-0.0032,-0.0011,0.0009,1e-05,0.0045,0.0011,0.0692,-0.1099,0.0594,-0.1741,0.1041
2016/12/11,0.0046,-0.0035,0.002,-0.0006,-0.0004,1e-05,-0.0066,0.0011,0.3909,-0.4447,0.0827,0.0708,0.1938
2016/12/18,-0.0022,-0.0001,-0.0041,-0.0015,-0.0001,1e-05,-0.0088,0.0011,-0.1159,-0.0441,0.0841,-0.2579,-0.6225
2016/12/25,0.0019,0.0053,-0.005,-0.0036,-0.0015,1e-05,-0.0039,0.0011,0.1839,0.5468,-0.3767,-0.4076,-0.1169
2017/01/01,-0.0052,-0.0006,0.002,-0.0011,0.0003,1e-05,-0.0026,0.0011,-0.4054,-0.0758,0.0305,-0.1047,-0.0907
2017/01/08,0.0029,-0.0074,-0.0031,-0.0035,-0.003,2e-05,-0.0018,0.0018,0.2294,-0.9036,-0.3182,-0.2522,0.1784
2017/01/15,0.0029,0.0059,-0.0008,-0.0028,-0.0017,2e-05,0.0017,0.0018,0.2815,0.6362,-0.3448,-0.2083,0.1806
2017/01/22,0.0033,0.0009,0.0023,0.0014,0.0001,2e-05,0.0018,0.0018,0.361,0.0671,0.096,0.0114,-0.1306
2017/01/29,-0.0012,-0.0006,-0.0068,0.001,0.0005,2e-05,0.0005,0.0018,-0.1609,0.0401,-0.0396,0.2889,0.5496
2017/02/05,0.0082,0.0062,0.0075,-0.005,0.0031,2e-05,0.0089,0.0019,0.7781,0.7294,0.3321,-0.2761,-0.4061
2017/02/12,0.0038,0.0041,0.0014,0.0001,0.0015,2e-05,-0.0033,0.0019,0.4086,0.4455,0.2602,0.0062,-0.136
2017/02/19,0.002,-0.0006,-0.0054,0.0001,-0.004,2e-05,-0.0042,0.0019,0.1877,0.0094,-0.4972,0.0113,0.2935
2017/02/26,0.0015,-0.0011,-0.0098,0.0033,-0.0023,2e-05,-0.0061,0.0019,0.043,-0.1462,-0.3611,0.4334,0.5817
2017/03/05,0.0009,-0.0018,0.0014,-0.0006,-0.001,1e-05,0.0064,0.0015,0.0931,-0.185,-0.1315,-0.0034,0.0751
2017/03/12,0.0034,0.0006,-0.0048,0.0027,0.0004,1e-05,-0.0019,0.0015,0.344,0.1571,-0.054,0.0702,0.195
2017/03/19,-0.0008,0.0058,-0.0033,0.0015,0.0002,1e-05,0.0013,0.0015,-0.0817,0.3931,0.1233,0.1853,0.3065
2017/03/26,-0.0005,0.0011,-0.0021,-0.0026,-0.0032,1e-05,0.0008,0.0015,-0.0333,0.1102,-0.399,-0.1458,0.124
2017/04/02,-0.0016,0.0055,-0.0032,0.0004,0.0008,1e-05,0.0,0.0015,-0.1104,0.504,-0.0388,-0.2697,0.043
2017/04/09,-0.0008,0.0007,-0.0026,0.0001,-0.0005,3e-05,0.0001,0.0028,-0.0747,0.1123,-0.227,0.0434,0.1026
2017/04/16,-0.0075,-0.0034,-0.0081,-0.0003,-0.0038,3e-05,-0.0031,0.0028,-0.723,-0.1573,-0.5125,0.2992,0.2581
2017/04/23,-0.0028,0.0006,-0.0015,0.0035,-0.0019,3e-05,0.0018,0.0028,-0.2871,-0.1425,-0.0955,-0.0063,0.0095
2017/04/30,-0.003,-0.0076,-0.0061,0.001,-0.0019,3e-05,-0.0008,0.0028,-0.2639,-0.8255,-0.2396,0.1308,0.2607
2017/05/07,0.0046,0.0011,0.0,-0.0022,0.0065,3e-05,-0.003,0.0028,0.5767,0.1542,0.4258,-0.6618,-0.2702
2017/05/14,-0.0018,-0.0038,-0.0061,-0.0027,-0.0033,3e-05,0.0031,0.0028,-0.1567,-0.4503,-0.4776,-0.1467,0.2367
2017/05/21,0.007,-0.0034,0.004,-0.0009,0.0079,3e-05,-0.0025,0.0028,0.7556,-0.2469,0.6019,-0.3401,-0.5223
2017/05/28,0.0006,-0.0003,0.001,0.0018,0.0014,3e-05,0.0016,0.0028,0.0282,0.161,0.1523,0.4246,0.2567
2017/06/04,0.0035,0.0044,-0.0076,0.0015,-0.0048,3e-05,0.0056,0.0028,0.3455,0.5085,-0.6173,0.2329,0.7349
2017/06/11,-0.0012,0.0031,0.0244,-0.0015,0.0109,3e-05,-0.016,0.0028,-0.0569,0.1862,1.6291,-0.1601,-1.7877
2017/06/18,-0.0003,-0.0025,-0.0015,-0.0046,0.0016,3e-05,0.0011,0.0028,0.0518,-0.3712,0.0824,-0.4797,-0.3634
2017/06/25,0.0024,0.0075,-0.0048,-0.0037,0.0008,3e-05,-0.0009,0.0028,0.289,0.7996,0.0046,-0.2641,-0.3507
2017/07/02,0.0014,-0.0009,-0.0029,0.0021,0.003,3e-05,-0.0035,0.0028,0.1419,0.0198,0.2144,0.2301,-0.0325
2017/07/09,0.007,0.004,-0.0041,0.0018,-0.005,4e-05,0.0083,0.0036,0.6401,0.5087,-0.6243,0.3068,0.5239
2017/07/16,0.0042,-0.0022,-0.0052,0.0016,-0.0001,4e-05,-0.0014,0.0036,0.4821,-0.2789,-0.1311,0.0022,0.1927
2017/07/23,-0.0008,-0.0042,-0.0024,-0.0001,-0.0033,4e-05,0.0031,0.0036,-0.0962,-0.3632,-0.4368,0.181,0.3409
2017/07/30,-0.0017,-0.0006,0.0026,-0.0021,0.0025,4e-05,0.0018,0.0036,-0.1106,-0.1437,0.1061,-0.3705,-0.1768
2017/08/06,0.0025,0.0036,0.0039,-0.0003,0.0009,4e-05,0.0002,0.0036,0.1982,0.277,0.0929,-0.3258,-0.4878
2017/08/13,0.0019,0.0017,-0.0087,0.0036,-0.0008,4e-05,0.0,0.0036,0.1465,0.3146,-0.2457,0.0527,0.3967
2017/08/20,-0.0015,0.0011,0.0024,-0.0027,0.0,4e-05,0.0021,0.0036,-0.1218,0.0063,0.0051,-0.2099,-0.1636
2017/08/27,0.0018,0.0016,0.0056,0.0013,0.0024,4e-05,-0.0044,0.0036,0.196,0.209,0.4333,0.195,-0.339
2017/09/03,0.0027,0.0043,0.0041,-0.0008,0.0035,5e-05,-0.0038,0.0047,0.2808,0.4508,0.3919,-0.0896,-0.5664
2017/09/10,-0.0016,0.0013,0.0038,0.0022,-0.0011,5e-05,0.0045,0.0047,-0.1321,0.1951,-0.0245,0.3709,0.2945
2017/09/17,0.0019,0.0025,0.0014,0.0029,-0.0003,5e-05,-0.0023,0.0047,0.178,0.4058,0.1532,0.2119,-0.0533
2017/09/24,0.0012,0.0043,0.0012,0.0038,0.0032,5e-05,-0.0035,0.0047,0.105,0.4754,0.606,0.4485,0.017
2017/10/01,0.0035,-0.0014,-0.0026,-0.0011,-0.0032,5e-05,0.0042,0.0047,0.328,-0.0795,-0.4424,-0.167,0.2554
2017/10/08,-0.0008,-0.0008,-0.0026,0.0017,-0.0036,4e-05,0.0064,0.0038,-0.1015,-0.032,-0.3895,0.3647,0.588
2017/10/15,0.0004,-0.003,0.001,0.0022,-0.0001,4e-05,-0.0002,0.0038,0.0838,-0.3496,-0.0072,0.2495,0.1543
2017/10/22,0.0057,0.0,0.0027,0.0009,-0.0001,4e-05,0.0012,0.0038,0.4163,0.1789,0.0735,0.0263,-0.1314
2017/10/29,0.0082,-0.0005,-0.0096,0.0008,-0.0122,4e-05,0.0097,0.0038,0.7573,0.014,-1.2467,0.0344,1.1713
2017/11/05,0.0031,-0.0054,-0.0072,-0.0015,-0.0008,4e-05,0.0048,0.0039,0.2817,-0.5962,-0.1984,-0.5334,0.1107
2017/11/12,0.0001,0.0006,-0.0042,0.0022,0.0011,4e-05,-0.0012,0.0039,-0.0304,0.0575,-0.0601,0.251,0.095
2017/11/19,-0.0014,0.0072,0.0029,-0.0017,0.0046,4e-05,-0.0134,0.0039,-0.0974,0.6168,0.4341,-0.2946,-0.403
2017/11/26,0.0021,0.0001,-0.0043,0.0004,-0.0007,4e-05,0.005,0.0039,0.2127,0.0619,-0.0614,-0.0482,0.1545
2017/12/03,-0.0022,-0.0032,0.0038,-0.0041,0.0038,4e-05,-0.0046,0.0044,-0.1165,-0.3932,0.3052,-0.4186,-0.4372
2017/12/10,0.0051,-0.0044,-0.0013,-0.0007,0.0016,4e-05,-0.0048,0.0044,0.5003,-0.3064,0.1765,-0.1677,-0.1142
2017/12/17,0.0092,0.0068,0.0005,0.0031,-0.0047,4e-05,0.0025,0.0044,0.7915,0.6889,-0.3163,0.4577,0.6512
2017/12/24,-0.0007,-0.002,-0.0021,-0.001,0.0021,4e-05,0.0011,0.0044,-0.0209,-0.2251,0.1529,-0.3326,-0.3591
2017/12/31,-0.0057,-0.0031,0.0,0.0017,0.0017,4e-05,-0.0018,0.0044,-0.4795,-0.3049,0.1562,0.1602,-0.0553
2018/01/07,0.0066,-0.0037,-0.0026,0.0037,-0.0037,6e-05,0.006,0.0053,0.5753,-0.3661,-0.28,0.5971,0.702
2018/01/14,0.0066,-0.0032,0.0016,-0.001,0.0019,6e-05,0.0,0.0053,0.6033,-0.2272,0.0908,-0.0879,0.1509
2018/01/21,0.0057,0.0094,-0.0004,0.0007,0.0012,6e-05,0.0056,0.0053,0.5371,1.0631,0.0568,0.1308,0.1758
2018/01/28,0.0111,-0.0061,-0.0052,0.003,-0.0017,6e-05,0.006,0.0053,0.9914,-0.4923,-0.1226,0.1257,0.797
2018/02/04,-0.0213,0.0001,-0.0029,0.0061,-0.0051,6e-05,0.0015,0.0056,-2.093,-0.1934,-0.4011,-0.18,0.8618
2018/02/11,0.0136,-0.0055,0.0015,0.0017,-0.0033,6e-05,0.0058,0.0056,1.2242,-0.5906,-0.3129,0.0504,0.7833
2018/02/18,0.0003,0.0036,0.0016,0.0004,0.0005,6e-05,-0.0015,0.0056,0.0303,0.1721,0.1411,0.079,-0.2522
2018/02/25,0.0154,-0.0038,-0.0015,-0.0017,-0.0006,6e-05,0.0004,0.0056,1.4612,-0.4075,0.1178,-0.493,-0.0041
2018/03/04,0.007,0.0111,-0.0049,-0.0041,-0.0035,5e-05,-0.0018,0.0012,0.586,1.0437,-0.364,-0.4539,-0.0029
2018/03/11,0.017,-0.002,0.0028,-0.0026,0.0001,5e-05,0.0064,0.0012,1.575,-0.0157,0.1334,0.1285,-0.2039
2018/03/18,0.0025,0.0047,0.0018,0.0006,0.0029,5e-05,-0.0043,0.0012,0.2419,0.4176,0.1912,0.2854,-0.0096
2018/03/25,-0.0209,0.0009,-0.0023,0.0013,0.0077,5e-05,-0.0033,0.0012,-1.9317,-0.1424,0.6116,0.129,-0.5851
2018/04/01,0.0141,-0.0031,-0.0022,-0.0037,-0.0016,5e-05,0.006,0.0012,1.3458,-0.1509,-0.1851,-0.009,0.0853
2018/04/08,-0.0219,0.0037,-0.0006,0.0014,-0.0004,7e-05,-0.0058,0.0068,-2.0056,0.368,-0.0729,0.1896,0.2706
2018/04/15,-0.0037,-0.001,-0.0024,-0.0007,0.002,7e-05,-0.008,0.0068,-0.3146,-0.3141,0.2295,-0.1878,-0.6028
2018/04/22,-0.0081,0.001,0.0058,-0.0054,0.0028,7e-05,0.0005,0.0068,-0.7511,0.0302,0.3847,-0.5261,-0.2805
2018/04/29,0.0001,-0.0026,0.0003,0.0062,0.0008,7e-05,0.0029,0.0068,0.065,-0.4048,0.2291,-0.0439,-0.2749
2018/05/06,0.013,-0.0002,-0.002,-0.0043,0.0,6e-05,-0.004,0.0064,1.2244,0.0845,-0.0887,-0.2984,0.0927
2018/05/13,0.0019,0.0014,-0.0038,0.0025,0.0012,6e-05,0.0014,0.0064,0.1482,0.1521,0.1417,-0.2413,-0.0988
2018/05/20,-0.0023,0.0045,-0.0061,0.0011,-0.0018,6e-05,0.0063,0.0064,-0.2305,0.4099,-0.2422,-0.278,-0.1213
2018/05/27,-0.0021,0.0024,-0.004,0.0055,-0.0059,6e-05,-0.0057,0.0064,-0.228,0.2323,-0.7353,-0.0822,0.546
2018/06/03,0.0106,-0.0021,-0.0011,-0.0006,-0.0017,6e-05,0.0063,0.0067,0.9586,-0.1612,-0.0955,-0.169,0.4017
2018/06/10,0.0031,0.0004,-0.004,0.0024,-0.0019,6e-05,-0.001,0.0067,0.292,0.0384,-0.158,0.0396,0.0166
2018/06/17,-0.0008,0.0012,-0.0025,0.0066,-0.0022,6e-05,-0.0088,0.0067,-0.1703,0.0655,-0.2159,0.2612,0.312
2018/06/24,0.0011,-0.0008,0.0046,-0.0052,0.0092,6e-05,-0.0063,0.0067,0.2206,-0.3893,0.9311,-0.3498,-1.2584
2018/07/01,0.0007,-0.0024,-0.0024,-0.0023,-0.0001,6e-05,-0.0002,0.0067,0.152,-0.3735,-0.052,-0.3723,-0.0291
2018/07/08,0.0088,-0.0002,-0.003,-0.0026,-0.0014,8e-05,0.0009,0.0074,0.8327,-0.1026,-0.132,-0.3897,-0.0622
2018/07/15,0.0008,-0.0018,-0.0029,0.0033,0.0019,8e-05,0.002,0.0074,0.0648,-0.1402,0.1818,0.2177,-0.0076
2018/07/22,-0.001,-0.0017,0.0013,0.0011,-0.0022,8e-05,0.0026,0.0074,-0.11,-0.0523,-0.0163,0.3644,0.4845
2018/07/29,-0.0082,-0.0121,0.0106,0.0052,0.0048,8e-05,-0.0133,0.0074,-0.772,-1.0365,0.4646,0.3816,-0.2714
2018/08/05,0.0031,-0.0093,0.0051,0.0064,0.0035,7e-05,-0.0081,0.0068,0.3205,-0.595,0.1637,0.6283,-0.1295
2018/08/12,-0.006,0.0031,-0.0021,-0.0026,0.0021,7e-05,0.0071,0.0068,-0.6404,0.2093,0.2285,-0.02,0.1682
2018/08/19,0.003,0.0013,0.0002,0.0022,0.002,7e-05,-0.0034,0.0068,0.3798,0.2233,0.1762,0.318,0.0141
2018/08/26,0.0062,-0.0008,-0.0057,-0.003,-0.0019,7e-05,0.0029,0.0068,0.6184,-0.1879,-0.0402,-0.297,-0.1607
2018/09/02,0.0008,0.0045,-0.0039,0.0015,-0.0014,7e-05,0.003,0.0068,0.0236,0.4589,-0.0675,0.087,0.3328
2018/09/09,-0.0018,0.0008,-0.0022,0.0003,0.0004,8e-05,-0.0018,0.0078,-0.2433,0.0146,-0.0222,0.0461,0.2358
2018/09/16,0.0012,0.0031,0.0025,-0.0011,-0.0006,8e-05,-0.0017,0.0078,0.0814,0.4707,0.0175,0.4104,-0.0982
2018/09/23,-0.0013,-0.0042,0.003,0.0022,0.0065,8e-05,-0.0032,0.0078,-0.1119,-0.5101,0.6903,0.163,-0.3084
2018/09/30,-0.0003,0.0034,-0.002,0.0011,0.0018,8e-05,0.0028,0.0078,0.0008,0.1343,0.2559,-0.2067,0.1849
2018/10/07,-0.0064,-0.0041,0.0039,-0.0038,0.0042,8e-05,0.0006,0.0082,-0.6141,-0.582,0.4206,-0.3145,-0.3986
2018/10/14,0.0138,-0.0111,-0.0175,0.0007,-0.0043,8e-05,0.0177,0.0082,1.2201,-1.0981,-0.5692,-0.5384,0.8046
2018/10/21,-0.0025,-0.0127,0.0071,0.0045,0.0056,8e-05,-0.0055,0.0082,-0.1889,-1.2274,0.8225,0.2691,-0.3711
2018/10/28,-0.0165,0.0059,0.0036,-0.0035,0.005,8e-05,-0.0014,0.0082,-1.5604,0.3819,0.3824,0.0198,-0.0499
2018/11/04,-0.0053,0.0084,0.0066,-0.0046,0.0022,8e-05,-0.0012,0.0085,-0.4865,0.8961,0.2206,0.0064,0.0331
2018/11/11,-0.0104,-0.0084,0.0042,0.0063,0.0067,8e-05,0.0004,0.0085,-0.9802,-0.9074,0.7618,0.5143,0.0963
2018/11/18,0.0015,-0.0002,-0.0005,-0.0078,0.0018,8e-05,0.0006,0.0085,0.1999,-0.0877,0.208,-0.292,-0.0876
2018/11/25,-0.0055,0.0076,-0.0061,0.0029,-0.0006,8e-05,0.0008,0.0085,-0.5654,0.6332,-0.1947,-0.1329,0.4365
2018/12/02,0.0078,-0.0038,-0.0043,0.0024,-0.0027,8e-05,-0.0028,0.0085,0.6735,-0.3649,-0.31,0.1444,0.9532
2018/12/09,-0.0236,0.0027,0.0134,-0.0048,0.0064,0.00011,-0.0053,0.0101,-2.1164,0.0542,0.6141,-0.1327,-0.4985
2018/12/16,-0.0189,0.0009,0.0049,-0.002,0.0062,0.00011,-0.0049,0.0101,-1.7198,0.1741,0.5035,0.092,-0.2987
2018/12/23,-0.0217,-0.0053,0.0077,0.0012,0.0064,0.00011,0.004,0.0101,-2.0691,-0.7317,0.5238,0.8256,-0.0179
2018/12/30,-0.0003,0.0075,0.0026,-0.0037,-0.0006,0.00011,0.0014,0.0101,0.0051,0.5908,-0.1331,-0.4186,-0.2583
2019/01/06,0.0355,0.0036,-0.007,-0.0011,-0.0059,0.0001,-0.0096,0.0091,3.3309,0.4452,-0.608,-0.4815,-0.4782
2019/01/13,-0.0001,0.002,0.0021,0.0024,0.0025,0.0001,-0.0021,0.0091,-0.0242,0.2205,0.0826,0.1215,0.0151
2019/01/20,0.0129,-0.0029,0.0012,0.0019,-0.0027,0.0001,-0.0084,0.0091,1.194,-0.1257,-0.322,0.1974,-0.0697
2019/01/27,0.009,0.0042,-0.0035,-0.0035,-0.0057,0.0001,-0.0137,0.0091,0.9453,0.2933,-0.4439,-0.7055,-0.5121
2019/02/03,0.0014,-0.0016,0.0043,-0.0074,0.003,0.0001,-0.0054,0.0095,0.1328,-0.4103,0.028,-0.3127,-0.2565
2019/02/10,0.0009,-0.0008,-0.0069,-0.0034,-0.0012,0.0001,0.0073,0.0095,0.0565,-0.2661,-0.2226,-0.379,0.0282
2019/02/17,0.0113,0.0038,0.0048,-0.0021,0.0001,0.0001,-0.0048,0.0095,1.0734,0.4561,-0.2593,-0.1059,-0.3528
2019/02/24,0.0065,0.0039,-0.0148,0.0029,-0.0061,0.0001,0.0025,0.0095,0.6267,0.2251,-0.8459,0.3172,0.4703
2019/03/03,0.0072,0.0025,-0.004,-0.0036,-0.0018,9e-05,-0.0023,0.0092,0.5983,0.4957,-0.2395,-0.3067,-0.0657
2019/03/10,-0.0022,0.0006,-0.0017,-0.0011,-0.0028,9e-05,0.0013,0.0092,-0.1986,0.1454,-0.1355,-0.1761,0.0382
2019/03/17,0.0048,-0.0024,-0.0025,-0.0003,-0.0019,9e-05,-0.0017,0.0092,0.445,-0.2696,-0.1358,-0.2816,0.0834
2019/03/24,-0.0217,-0.0157,-0.0007,0.0056,0.006,9e-05,0.0101,0.0092,-2.043,-1.8342,0.5968,0.0203,-0.4884
2019/03/31,0.0066,-0.0028,-0.0092,0.0021,-0.0017,9e-05,-0.0002,0.0092,0.5924,-0.2449,-0.2683,-0.1555,0.4478
2019/04/07,0.0052,0.0049,-0.0007,-0.0028,0.001,0.0001,-0.0066,0.0101,0.5016,0.3475,0.0555,-0.3426,-0.3831
2019/04/14,0.0065,-0.0036,0.0065,0.0053,-0.0025,0.0001,-0.0108,0.0101,0.6325,-0.3621,-0.2362,0.31,0.0247
2019/04/21,0.0011,-0.0028,-0.0051,0.0015,-0.0021,0.0001,-0.0005,0.0101,0.0961,-0.0956,-0.1842,0.2734,0.0363
2019/04/28,0.0053,0.0048,0.0006,-0.0008,-0.0019,0.0001,0.0012,0.0101,0.5268,0.4703,-0.1409,-0.3833,-0.4803
2019/05/05,0.0113,0.0093,-0.0027,-0.0001,-0.0034,9e-05,-0.0024,0.009,1.0808,0.782,-0.4511,-0.1712,-0.1989
2019/05/12,0.0035,-0.0033,0.0008,-0.001,0.0026,9e-05,0.006,0.009,0.3964,-0.358,0.2753,-0.1839,0.0362
2019/05/19,-0.0073,-0.0076,0.0029,0.0006,0.0032,9e-05,0.0046,0.009,-0.6859,-0.8952,0.3532,-0.1931,-0.4032
2019/05/26,0.0023,0.0051,0.003,-0.0049,-0.0003,9e-05,0.0004,0.009,0.2675,0.4842,-0.0399,-0.166,-0.317
2019/06/02,-0.0137,-0.0023,-0.0009,0.0003,0.004,9e-05,0.0059,0.009,-1.1809,-0.4003,0.3944,-0.2119,-0.0945
2019/06/09,0.0104,-0.0014,-0.0121,0.0035,-0.0065,9e-05,0.0037,0.0093,0.958,-0.0946,-0.6816,0.3621,0.3036
2019/06/16,-0.0027,-0.0074,0.0031,0.0025,0.0014,9e-05,0.0092,0.0093,-0.2804,-0.6175,-0.024,0.5597,0.1698
2019/06/23,-0.0021,-0.0046,-0.0003,-0.0011,0.0002,9e-05,-0.0009,0.0093,-0.2569,-0.4068,0.0281,0.198,0.1713
2019/06/30,0.0068,0.0077,0.0061,-0.0047,0.0011,9e-05,-0.0055,0.0093,0.6562,0.6863,0.0215,-0.6613,-0.4711
2019/07/07,-0.001,0.0034,0.0091,0.0013,-0.0005,9e-05,-0.0028,0.0081,-0.121,0.3348,0.1414,-0.0477,-0.13
2019/07/14,0.0053,0.0032,0.0041,0.0059,-0.0009,9e-05,-0.0093,0.0081,0.4586,0.3836,0.0999,0.1228,-0.4305
2019/07/21,-0.0056,0.003,0.0087,0.0036,0.0009,9e-05,-0.01,0.0081,-0.5698,0.3002,0.4183,0.075,-0.2443
2019/07/28,0.0082,0.0033,-0.0019,-0.0061,-0.0025,9e-05,0.0025,0.0081,0.7226,0.2259,-0.1027,-0.1543,0.026
2019/08/04,-0.0087,-0.0026,0.0006,0.0015,0.0019,7e-05,0.0022,0.0087,-0.788,-0.2292,0.2704,0.4524,-0.0626
2019/08/11,-0.0078,-0.005,-0.0022,-0.0049,-0.0002,7e-05,0.01,0.0087,-0.7268,-0.6612,0.0991,-0.0561,-0.1019
2019/08/18,0.0155,0.0064,0.0061,0.0014,-0.0006,7e-05,-0.0109,0.0087,1.4798,0.6366,0.0448,-0.2255,-0.3207
2019/08/25,-0.0266,-0.0061,-0.0019,-0.0063,-0.0024,7e-05,0.0095,0.0087,-2.4339,-0.7753,-0.3956,-0.4146,-0.4129
2019/09/01,0.0003,-0.0025,0.0023,0.001,0.0013,7e-05,-0.0027,0.0087,0.0557,-0.1718,0.0553,0.0434,-0.2506
2019/09/08,-0.0002,-0.0036,0.0004,0.0016,0.0042,9e-05,-0.0039,0.0089,0.018,-0.1923,0.4599,0.0339,-0.2377
2019/09/15,-0.0001,0.0018,0.0074,-0.0003,-0.001,9e-05,-0.007,0.0089,-0.0493,0.3692,0.0082,0.2598,-0.0347
2019/09/22,-0.0048,0.0029,0.0015,-0.0059,0.0008,9e-05,0.0003,0.0089,-0.4172,0.1346,-0.0982,-0.3849,-0.2312
2019/09/29,-0.0062,-0.0017,0.0089,0.0024,0.0056,9e-05,-0.0072,0.0089,-0.5782,0.1265,0.5729,0.3889,-0.0146
2019/10/06,0.0139,-0.005,-0.0007,-0.0001,0.0003,7e-05,0.0092,0.0067,1.2593,-0.3977,-0.1345,0.2237,0.4774
2019/10/13,0.0123,0.006,0.002,0.0048,0.003,7e-05,-0.0115,0.0067,1.1322,0.7062,0.1573,0.1028,0.0531
2019/10/20,-0.0049,-0.0014,0.0086,-0.0008,0.0038,7e-05,0.0045,0.0067,-0.3782,0.0574,0.6157,0.3881,-0.2993
2019/10/27,0.0051,0.0039,0.0008,0.0034,-0.0004,7e-05,-0.0082,0.0067,0.4001,0.4923,-0.0067,0.0455,0.3083
2019/11/03,0.0108,0.0065,0.0084,-0.0018,0.0014,6e-05,-0.018,0.006,1.0144,0.6918,0.2594,-0.5881,-0.7922
2019/11/10,0.0031,0.0,-0.0036,-0.0013,0.0005,6e-05,-0.0017,0.006,0.2583,0.0146,0.266,-0.1355,-0.0404
2019/11/17,0.0074,-0.0029,-0.0033,-0.0002,0.0005,6e-05,-0.0052,0.006,0.7005,-0.33,0.0034,-0.374,0.1729
2019/11/24,0.0024,0.0016,0.0022,0.0017,0.0005,6e-05,-0.0099,0.006,0.1949,0.3523,0.1181,0.0788,-0.0596
2019/12/01,-0.0042,-0.0011,-0.0031,-0.0047,0.0,6e-05,-0.0001,0.006,-0.4105,-0.116,-0.0309,-0.1402,-0.0431
2019/12/08,0.0091,0.0038,0.0037,0.0033,0.0022,7e-05,-0.0076,0.0068,0.8357,0.391,0.1494,-0.2265,-0.1986
2019/12/15,-0.0003,-0.0045,-0.0055,-0.0027,-0.0024,7e-05,0.0076,0.0068,-0.0037,-0.5008,-0.3819,0.0556,0.3914
2019/12/22,0.0048,-0.0027,-0.0031,0.0001,-0.0007,7e-05,0.0023,0.0068,0.4472,-0.4079,0.0509,0.0721,0.1331
2019/12/29,-0.001,-0.0055,-0.0007,0.0026,0.001,7e-05,0.0037,0.0068,-0.0711,-0.5205,0.0495,0.3771,0.2624
