,ETF_PC1,ETF_PC2,ETF_PC3,ETF_PC4,ETF_PC5,ETF_PC6,Active_PC1,Active_PC2
0,1.2449874217970398,-0.26642504945194556,0.12980451625838885,0.23196971228230892,0.0786783781692998,0.07105166036027591,0.8135509919267865,-0.13623704274736312
1,-3.752750495272908,-0.18089682179679417,0.05054635282245638,-0.14894172937987532,-0.1589521054551311,0.056521014334471854,-2.0263453986478703,-0.09673094488753335
2,1.1063445949579485,0.3103408998239248,-0.25408126849031404,0.031100458627359686,0.127459470632199,0.08723839020414054,0.6297631119885349,-0.21996992239878044
3,5.616448081677151,0.8842683709232372,0.20405227479151358,-0.23375150355552007,-0.052340884612745484,-0.0031178938228074164,3.003822718030554,0.2233262451878539
4,3.028658931703692,-0.004042321805731572,0.1311213263596384,0.01296252148929865,-0.08640137600402835,-0.16598049996906653,1.430569837082676,-0.10780481743342894
5,2.4211652297512853,0.7225527332621167,-0.236595779678726,0.43256145557988934,0.03263634152114492,0.028740846885989744,0.9726179321317573,0.28805980777195167
6,-1.600366345241979,0.5564664517267064,0.20247446685630655,0.3198286167836961,-0.07826814155535763,-0.026787426408813927,-0.5366772116523078,0.3227191494103869
7,-3.132329634829225,0.0533628407102248,0.1355664788978151,-0.19089818927731134,-0.09613822277156686,-0.04189711069520568,-2.0872071403492556,0.00848349059408776
8,0.6988301368886554,-0.09249881959739038,-0.19527695451886504,-0.13999723159218305,-0.05847303108393215,-0.2249145482149652,0.3521882341720527,-0.19960298951793679
9,-4.667785856661313,-0.060083798845645436,0.23675963526173538,0.1214992695141554,-0.14350172595822802,0.10731120480122504,-2.2402855825927745,0.08821597867232678
10,-1.341536660902641,0.25979252252771634,-0.2304142235279431,-0.06955021686847598,-0.15137191751944215,-0.08822979871136588,-0.5028382800654027,0.12114007875492519
11,0.2823606849236016,0.2748289328816398,-0.356680704545144,0.05477897605921694,-0.005314782941095291,-0.04882820873616427,-0.5471350316985983,-0.27174309249776235
12,0.15964674836729453,-0.07627147560586796,0.2030526644351527,0.14184046143040638,0.06526549572261377,-0.06821086519573527,-0.07899538808600984,0.1880385409099701
13,-2.1076383672629424,-0.3636497527330815,-0.2119213891432374,0.2089578924568468,-0.09191142000463609,-0.05944232155040468,-0.7573446951700374,-0.18547127415903497
14,-1.3005924542696963,0.8362431036047002,-0.02826713554548054,0.07253104207216786,-0.02284025316899911,-0.05306290986532303,-0.80138749453467,0.17886608190749217
15,0.2723701081527829,0.7562071911759443,0.20469055586376508,-0.3492394581400087,-0.1100292208387497,0.131225102152738,0.16956007989030283,0.0542950337185583
16,-1.604097589822799,1.5316602724353678,0.1024403292394109,0.07194406720188064,-0.06881711728841133,0.031358263186836564,-1.0966384362130737,0.36654534158983965
17,3.6305271667003423,0.5695819169310478,-0.2103428807427596,-0.052676713111109066,-0.2378313729820956,-0.13460156595051273,1.8961238230814814,-0.09510058284153033
18,10.404439069766177,0.6485703482356215,0.07757368978699755,-0.13885725710353003,0.4408297888880229,0.3098323912551893,5.082897251071825,-0.10920737263493889
19,-3.9089714286558643,0.9906582394274158,0.03764138704637715,-0.1676952127883582,-0.1286042181792114,-0.03584010728729518,-1.551534678664913,0.41921236656148786
20,5.333803084913155,-1.4962709211167222,0.6514547857972723,-0.023848382080357697,0.1569961022903799,0.28519280063949914,3.101843736724781,-0.29049572865643947
21,-0.4678732117080345,0.6642499753872844,-0.42515827961466707,-0.1766344332410683,-0.12606136873141655,-0.29955836121835494,0.20162621103423176,0.5031815725862481
22,3.9828319110382493,-0.16863384352295585,-0.21663166564420352,0.4499568326653475,0.24275420383905844,0.24879647832081353,1.9052891944209551,-0.0876850560175812
23,-3.973802142466722,-0.7968536985754805,-0.10583033164136972,-0.14535263347254962,-0.060881324678074396,-0.07010634337188971,-1.7342803503116493,-0.195945087766235
24,-3.3850007861902167,-0.5465740368839036,0.1336421156194889,-0.28328387617049733,-0.17958041248758538,-0.18242541173293456,-1.6055864854468933,-0.06963391247861647
25,3.3871456938413336,0.036419805390628626,-0.08899989542675972,0.024024585534943504,0.3879035061526517,0.05717208664196949,2.64759013483206,-0.05785345401445868
26,5.747824646715737,-0.9818460902545061,0.08504054051621647,-0.043917262914383706,-0.014068882146546485,0.1305284023836616,3.631467596761358,-0.40580697233806035
27,-6.100734570058064,-0.4422693161208451,-0.14138315309037303,0.18653763815431784,0.0932341463929946,-0.1820687786399171,-3.7947773448571622,-0.1281206696608462
28,1.7296623444208328,-0.7239119568644404,-0.07761873153938834,-0.03129149818154176,-0.03188043386769449,0.10999824332202703,0.7183893158842292,-0.3255469820308718
29,-4.575159727775682,0.673225740135968,0.3358728549957652,-0.12093505097931488,-0.17299509701598623,-0.19579119222089944,-2.1345642845471455,0.35246800938538647
30,-0.6304872140542775,-0.3476666777671176,-0.3816223773909217,-0.1303567428455971,0.0792714954142592,0.07312328958474773,-0.21675244922544948,-0.41491926946969027
31,-2.087836473025874,-1.300334522998742,-0.08975999081779405,0.10169804425478052,0.04557925543376542,-0.10438185017608734,-1.3745321694169983,-0.26538961392055743
32,5.834803566564181,0.3018355920046968,-0.7093752000585166,0.17599880493315992,0.22515386286821298,0.06369320899329915,2.9783377758326215,-0.036996330814239205
33,1.1442222636951567,0.30177141825816217,-0.1380717743558901,0.2141612833851151,-0.04072593780912174,0.010129499324308329,0.667387014187123,0.0794520149793375
34,0.3515209417618845,0.12906822468308485,0.4124889637088685,-0.08249139522718067,-0.03433874643525277,-0.10681090668188392,0.753236039865599,0.16312907503050872
35,-4.516536717001692,-0.33317086801869433,-0.021300855138549134,-0.14264404012417575,-0.1484344529899777,0.04515945816404016,-2.5856137119455775,-0.0009080557822162338
36,0.18499018765214373,-0.2623028017929037,-0.38714895087516177,0.2717417672306804,-0.037202881081243096,-0.10678155639559278,-0.01558162914418348,0.05171824052100114
37,-1.9827512586771792,-0.0986086647890737,0.057528071825711714,-0.12823131977773322,-0.07410534713156088,-0.009654466058805199,-0.895376319372671,0.06516981625605761
38,-3.0803406879329875,-0.5419390305225876,0.24417905024612155,-0.23916908479395338,-0.0050580289597018345,-0.0049798345739833485,-1.4589422670189207,-0.12814726013372296
39,-0.4966181592971292,0.35554598404896703,0.02998020924060805,0.12508679772069728,-0.04901047717533296,-0.0901011831887886,0.07998442088102685,0.028712855949646954
40,-2.52369177085552,-0.2399637383167111,-0.2292069609975249,-0.2761567742708674,0.04726003460584309,0.07549747369470623,-1.1790953494586494,-0.20774966710726767
41,-0.9506682827191637,-0.10816940913480699,0.32277084677543966,0.031081506215341972,0.02466454538442944,-0.018565977761807656,-0.19076935920114432,0.4146244728100054
42,-0.03231535586256606,-0.12854567394941135,0.01574521380013117,-0.20736962332474546,-0.12680787751031186,-0.05479780784803342,-0.2973216207708865,-0.09168748481884066
43,0.432430778165111,0.22099070126999001,0.030392602416983414,0.23292373626059934,-0.17625553738475008,0.03571589183348453,0.17270303578506824,0.1640440869208076
44,-4.467501039245361,0.6680475901607229,-0.2648932454000727,-0.14362183486694272,-0.026369466821103752,-0.15135501914833727,-2.524500002822573,-0.0997354734031775
45,3.7794486440742654,0.43100083808512873,0.3571166496483067,0.37071358969757606,0.20066680881711763,-0.03267782380068128,2.000831248911564,0.3861068027141218
46,-0.09880318455992602,-0.17694481653556735,0.3827401827300043,0.13084280477108032,-0.04690789428336798,-0.06794706343660525,0.1406484082344817,0.10564860740381245
47,2.2321775266924826,1.9110202364873012,-0.022932250148328732,0.05247795461660676,-0.3310859162736779,0.15197707546528588,0.9908597608857053,0.44730821811328153
48,-3.370927553256178,0.30891456896222236,-0.15646290811316155,0.35925029538110137,-0.02620089599525839,-0.21152621151731307,-1.9539712656580677,-0.003405865939939566
49,-0.5145201755133072,0.26511501753510586,0.785947854913123,0.014670700371918302,-0.14752636280028314,-0.08102871549175315,-0.7430074615524007,0.05213070628842641
50,-0.2209758801705826,0.24403912551070372,0.0014954272659240067,0.06530494342328202,0.13822594625045487,0.09872783568398107,-0.10590939859054932,-0.0022946103307392874
51,-0.9510622542930145,0.2165566925629079,-0.276988289319604,-0.03169782651051006,-0.0673883876683551,0.011965244358283856,-0.6006469848362571,0.007699220719376366
52,-0.34760809089018474,-0.22280583255765798,-0.3764947561409905,0.18541505776724002,0.12336517554769123,0.015041730511973737,-0.09741740129290342,-0.18380033595873024
53,0.7135732886251432,0.6973252846105354,-0.3346856957579894,0.1258674264099572,-0.019701672158115534,-0.09826110533710862,-0.47703675473607915,-0.0027816132265177005
54,-3.1551728925235265,-1.0650703421107444,0.4744745032132685,-0.34365435699930313,-0.10926622844067502,0.03862608231937946,-1.2413719659712625,-0.08676301134848283
55,1.7022499726989007,-1.6553952900892637,0.07152966165376927,0.04678772799209625,0.07236202738077399,0.09137916866634734,0.632803348248,-0.3226523455806219
56,0.7948739741649804,0.338009400777033,0.17844945082684274,-0.17518154727937768,-0.2152987088647674,0.060119068424745126,0.4693428513563197,0.056815952510271134
57,-2.4592815175703144,0.2029882054326805,0.06174832583348874,0.5358109304003771,0.01700304570431885,-0.07183598430553087,-1.5615398968693628,0.18345506639027212
58,-1.208818590529637,0.4322223060233572,0.20073948216687398,-0.20951366714173816,-0.2978623457357021,-0.07904600748199439,-0.8030279978103577,0.21531825224760995
59,-1.5409722766194351,0.08318561937806392,0.06934032338699843,-0.058370247211208114,0.17120429355679537,0.035819395133125494,-0.8100718074749588,-0.1751635587293779
60,1.6589226974392126,-0.06370171950711381,-0.03560336166119257,-0.44846584847275467,0.0551860982918727,0.00913601699976691,1.324614729108852,-0.09288866925348552
61,-0.21589239886945552,0.03151888989150829,0.11262388771062819,0.09266454142720422,0.13026237007494176,0.23486513530597541,0.06784030903159445,0.007744429790196792
62,2.286410116826492,-0.1185947189724046,-0.24146668353143763,-0.08292841270807076,-0.24594039314995086,-0.1532545539950038,1.207505244474854,0.010439635004239221
63,1.9240700536195605,0.18896863832493538,0.2956265050037951,-0.5828610789914493,0.015746119916713028,0.09898581414253294,1.431261558475295,-0.0342039146023574
64,-2.9088963049500354,0.05192109757069011,0.38136850923839133,0.2540490734091709,-0.30744684065030264,-0.1799963580241904,-1.6502842795613755,0.1721087074697959
65,-2.224881333093928,0.025698724875884732,0.18144989495829544,-0.13579443128021884,0.07632933108539076,0.07725312641903437,-1.113250724842526,-0.05729855534304775
66,0.09351821719117406,-0.6853925555645328,0.2012922760445956,0.21437565848131612,0.15540589964317075,-0.043371516740017484,0.2392810139015052,-0.1633703956666013
67,1.0100505380002334,0.09335971540038722,-0.612630357771147,-0.17491622528755338,-0.0932122317008333,0.014879593404723458,0.6440698688285325,0.022935059427731396
68,-1.5294917083571178,-0.2398409953708571,-0.1807078601558974,0.19770908447896723,0.04321843114035562,-0.010463734310507337,-0.6250720005886652,0.12872496728531257
69,-2.7683791593100673,-0.4990570633864486,0.053691177058024724,-0.1939650545568386,0.05766411315127255,0.07758867461864548,-1.616487772976117,-0.3701338978426744
70,3.45448441876688,0.2017142273262292,-0.6077069093384291,0.03619226100494669,-0.09967546080620393,-0.1391717475684256,1.4449649062237313,-0.04317624015563334
71,0.9358411296151036,0.3129769229636918,0.07957862843675209,-0.16756000876994662,-0.26018497367155663,0.12197439121265596,0.44442776802980294,0.21779953488408277
72,0.5701192749247835,-0.35518417894729404,0.1351290136657946,0.14257041681658947,0.0984525969134798,-0.045654741967315365,0.4068548069927989,-0.015370372530928458
73,-0.21343892553983265,0.12672170638314006,-0.123049471972079,-0.11358179563285085,0.09256177370356097,-0.012329570736653883,0.06875098452524342,-0.0547508600123015
74,1.7703114853741841,-1.4084679745123903,0.2765038806433832,0.0412619773638958,0.2653472552100035,0.1559226094437138,1.7678067820562895,-0.1406237259580422
75,3.4713937016264027,-0.015484749666614235,-0.09544886188551067,-0.11973593082919627,0.2578001054019431,-0.10410798025015813,1.8664563807782337,-0.05287836546176422
76,0.5222342212485636,0.23108398148388506,0.30796717226734643,-0.10572222749315645,-0.3597370203119964,0.031168244422822122,0.2206482428901196,0.06766300036681006
77,0.020567038946376917,0.8430561014245687,0.029587738112001046,-0.04605945316199293,-0.13176388704748032,0.047971557669007306,0.31193729688543453,0.21287422071525325
78,-6.452499419080474,-0.6486114268134779,0.29642506315744516,0.13063969710851028,0.055333153840182926,-0.03982195700903766,-3.7016989560395124,0.08883117291343262
79,0.41199264324491375,1.4532746994936658,-0.510565915137542,0.0552259238115318,-0.23383032523990974,-0.09749554154229924,-0.08549967657846021,0.12006493228173117
80,3.184724541277683,0.713170516692249,-0.5285219034620197,0.01689779903363762,0.3217356723162621,0.0590600430183554,1.7811765852525314,0.08102153163964965
81,-2.7172953361829015,-0.6748325811891643,0.13524764198860983,-0.0659632131742681,-0.028479983521026334,-0.014480836355462878,-1.2991023650829434,0.010655322891320897
82,4.573904403244619,-0.28163554086789894,-0.49658951798553036,-0.04740681151637649,0.3031854146279902,0.07816785854156355,2.931040120644001,-0.18355910956886312
83,9.62892211747407,-0.31640083194475754,0.061750732473791856,-0.47629485849561676,0.4707222643212406,0.04263464445133629,5.533204734031891,-0.2377908273381136
84,2.021598447802007,0.1702395579396847,-0.7058573706895376,0.02110288894085582,-0.04550793996013681,0.09359126175576914,1.4673797899123842,0.21595051654477052
85,5.895767172916169,-0.3043933518483619,-0.5224195269027841,-0.30714030665263137,0.09524793077220432,-0.051669935364751375,3.2942181451915307,-0.47860895931059105
86,-4.286031154787127,0.5902329007310181,0.7662510331821707,0.3010392675763287,-0.2571336986233912,0.06296101566195023,-2.726960542697143,0.5798605662465888
87,0.02309954323652425,-0.22890570673584854,-1.0575847097558486,0.10493789714032269,0.17025618968224093,0.03007321107095785,0.07001127300160845,-0.23352566260853136
88,3.7319324616275145,1.8085688213733486,-0.5355613356544815,0.0900462606215092,-0.22699894660827286,0.018674025953485045,1.6685404547106222,0.3950569543092732
89,-4.638743975143063,0.8783387066428513,0.26242764570978905,0.2629174056950148,-0.3166592635676524,-0.08911326037703775,-3.5349198496980403,0.1825823194117546
90,8.931901810046597,-0.30638586291254366,-0.452367473109312,-0.2800916915051299,0.008521612061580449,0.1709506600716022,5.123860218382941,-0.06289060875423903
91,-0.26867286694734155,-1.071183138496611,0.4234161392113415,-0.4230561042633014,-0.1713054675067777,-0.19079360442112905,0.07380952426221,-0.4563400624799748
92,-2.2179992487500746,-0.3946928150104435,0.447381369701653,0.020570833856400666,0.2226996268910861,0.0879525344701774,-1.2828384260142354,0.07781763723762176
93,-7.363435060565893,0.09003834635511539,1.2372929330407036,0.6502673521853817,-0.008146336588661268,0.005234234926663821,-4.094968838648423,0.1991081209479643
94,-0.10760981679406037,0.6748223965714018,-0.46234534323026005,-0.14727008827047897,0.13631263510179586,0.06671448855893394,-0.8359169690115993,-0.34925260288257
95,-6.338979412676208,-0.041671274081372923,0.25304218279442053,-0.1131732301415925,-0.36832350560074256,-0.1943532085409944,-2.9045351065408713,-0.05411160202651885
96,4.080195480279062,1.8251106742906469,-0.5439282821872466,-0.03633543434708015,-0.1897391417055108,0.024422105556215996,2.0709700622622846,0.30496793199826766
97,0.1670384589299306,-0.18460733578990862,-0.1804049549968139,-0.023552865353372355,0.17948114618449262,0.09819383387398052,-0.3073307480121024,-0.016775815310304452
98,4.902015657831598,0.7720060157707948,0.09332656382089083,-0.03281834343997606,-0.07574757644312952,-0.028910404440844393,3.01921052046456,0.12841150624283468
99,6.500468299091349,-0.4424535228787516,-0.6805010667291743,0.180235486108324,-0.2675591278595356,0.03998939165420184,3.8432891440529438,0.2286779918998354
100,-9.567307036459054,-0.28388447452018123,0.9713328435950946,-0.06938642888191456,0.3325433778119108,-0.07029010388368519,-5.498722782095063,-0.22095849378161203
101,-0.5334152337643719,0.3469770760746987,0.3102789894942993,0.10297118465463835,-0.1271948458930113,0.0480234832274356,-0.5810054009368997,-0.14189635332503364
102,4.685678034153547,1.3341921969832522,-0.8601227573668981,-0.017987592208082156,-0.08584723032972429,-0.014054806605031528,2.0690687590913917,-0.27247494538050226
103,-4.074566034116124,-0.32531415115848955,0.12633573756134303,-0.061779709821793496,-0.041329021187853164,-0.03272295466604577,-2.5199257360334926,0.13144283185293582
104,0.5523250021200817,-0.5080407071261133,0.029181869905644066,-0.16445579295437343,-0.017004628542895434,-0.0005941213045216836,0.38285216890412127,-0.2878374812449109
105,-0.4417799746279193,1.1838811303260002,-0.43094944668233043,0.3497026339648174,-0.11730450746209875,-0.03120494106276133,-1.0167587559423434,-0.0030885090869191196
106,-1.1933620869835602,0.08602050710327461,0.18879077061933366,-0.14371893687529189,-0.12850173598237966,0.036107289666029815,-0.7339450380032105,-0.07857969368504948
107,-3.2966305414836885,-1.0376061457360344,0.7070613985177936,0.18834993947405643,0.09726498294889506,-0.03255211568155286,-1.39619871471103,-0.09225107445879234
108,-1.3349736387683029,0.002430013238187244,-0.07534568796772055,-0.3160453160578605,0.04641946921197676,-0.11364153762484736,0.06184458050739803,0.22525400603009807
109,-2.7943808380767448,0.27062474369393336,0.24999833607055916,-0.03202891074397686,0.06575469720236658,0.12668043333461493,-1.4918928558501026,0.026990993201127408
110,1.4765109985484817,-0.3966631048238901,-0.49179461400424074,0.09402657463084,-0.10095696273741131,-0.014821490931377575,0.5209866115435955,0.1608022917968809
111,-1.9231861714942564,0.08651351796164068,0.07095000395436069,0.026214884695653567,0.029514796431541077,-0.11493568428002583,-0.9889827935321505,-0.08253191029467913
112,-0.6117187961811474,-0.8711333739005312,0.0608342306230283,-0.050924703886807296,0.10767094895470727,0.13498665824913472,-0.05141922380048802,0.006575692450840386
113,1.0548039888928562,-0.7091758912402111,-0.8160803101152531,0.534415638737975,-0.05622771780965069,-0.12451598928487972,-0.017092841351435982,-0.2126787796654207
114,0.1804296148952783,0.7398495941013447,0.4762071070356378,-0.10927983059006752,-0.028379327384023077,0.10857485897113898,0.15507914629910846,0.19206730384896303
115,-2.059044556427021,-0.43028389177105536,0.147706604399006,-0.021450219691384616,-0.06235097382364611,-0.07484670794941155,-1.3416605334805118,0.12614846466733537
116,1.247348295798558,0.49913219866032904,0.05761175002353929,-0.03104823029862022,-0.12749519874208318,0.08890708083271391,0.5802456534714624,0.04991308220528756
117,-0.19772681681285814,0.19518043897188328,-0.4571030297934198,0.1823195176653434,-0.0006085001758775411,-0.022032880140385604,-0.3223998280523056,-0.05245761692752961
118,2.380576018409024,1.1337717124863351,-0.5005854502407322,0.20552210338038474,-0.060530671507751564,0.015355465699144377,0.9777164303778028,0.30808801042545386
119,2.199515431253382,0.013050039868933026,-0.3668180922075261,0.058668277949366104,0.09509215993453346,-0.07032547234402782,1.5089640669005022,-0.06917399046665772
120,-0.9545708101378562,0.28379237050198747,-0.10857112913812758,0.09493183564259211,0.08252980351059137,0.045768869965629656,-0.5962545756230835,-0.32516855916437865
121,-2.0359856870322774,-0.03865849510473957,0.4936206937266539,-0.3343667688794869,-0.11474816320133724,0.005354133741572586,-1.0841738188393604,0.09127930390997537
122,3.6011345969198887,-0.3210940249504317,-0.31525268014012225,0.011542329736682448,-0.015248449232946791,-0.04788100243847804,1.8947688286926045,-0.1603855313310479
123,1.657352045664008,0.5159969116516049,0.1877887262252233,-0.20432036253402583,-0.2217921531065133,0.09521217054569674,0.9329521092128176,0.0973169713988282
124,6.036543109692198,-0.18569615806502826,0.4151581935258174,-0.13245073065487484,-0.09118860182111134,0.0007303358878796367,3.375031450465836,-0.11157556429907813
125,-1.0602545422953238,0.6449483327345741,0.08621161896815878,-0.022354198129031062,-0.32430393510520744,0.12812724893957847,-0.8253638709052533,0.42953488031456366
126,3.5210118495174916,-0.12100491103372218,-0.2053216284810301,-0.12630161345527713,0.06382091749311898,-0.06182777914439541,2.2141307970868733,-0.24719863702994616
127,-3.903052380006767,-0.23934940366946128,0.14933221043187983,0.1890409835719154,0.13626861345517335,0.09757860608159086,-2.4017095510586315,0.12272930578920797
128,-1.2811559054783086,-0.6648783904543747,-0.34182599479299863,-0.035373460823270135,0.10387976902157156,-0.13190682392656833,-0.933557061990357,-0.40604319938684286
129,0.5268854935782203,0.03640366450011692,0.09206506040532418,-0.008841876559701508,-0.03297056079778018,-0.05920080323652281,0.5690885835949318,0.15523363016758782
130,-2.619779484672494,-0.13510740937694035,0.5134803971158228,-0.05040729864965017,0.08272901904966641,0.05331433610608522,-1.4805172057977312,-0.10002307443730984
131,0.39620615471449905,1.2206579360733332,-0.5195969130512228,-0.14695611670533162,-0.016793803410610285,-0.007164070405108524,0.5617640166285814,0.18165686350297466
132,0.2529240676843382,0.0646002183783169,-0.04071666309550188,-0.09523122417768068,0.013531205493675926,0.00675342240397571,-0.09833594941794793,-0.3248788006089479
133,0.24034997998660487,-0.4526764382562878,-0.6594476598256852,0.07275318440776729,0.02423607870815132,0.04442256077618063,-0.2662429807868118,-0.17424663198680215
134,-2.022637194378444,-1.0047252184380475,0.41219062155919606,-0.042486969672378014,-0.019091208200721205,-0.1148521023767489,-0.9315728068143798,-0.06261519007908997
135,-0.2695629593280773,-0.592496018465549,0.022931627901197186,-0.022596660228874865,0.10199918202339077,0.08633346292057123,-0.08526845504071918,-0.0790889870053992
136,-1.2883904938927475,-0.2077689129290267,-0.12257327228802548,0.2890298217003678,0.06939919757284634,-0.06619262587997438,-0.594350175630753,0.12571833376364744
137,-0.7702988479072661,0.2102794157669629,0.675897464242663,0.021369845107719342,0.02901375223296971,0.10237809937214347,-0.21832758521339143,0.3611865407986082
138,0.6356099328378575,-0.37889072253050254,-0.42924107290317065,0.038305288630428036,-0.14338208121680523,-0.09777156829173324,0.38131790377852154,-0.1776683505424052
139,0.4188860437388819,0.15985885868650287,0.08082083789318109,-0.4306696827362891,-0.004564375175221775,-0.03535638191263917,0.2244367247703452,-0.0005816111614840798
140,-3.1649881877111223,-0.5670586103651402,0.5812064009434789,-0.1006219755057971,0.029010998030439095,0.10765728982304701,-1.4191123046711334,0.1256278757055521
141,-2.8891817161444,-0.22918349222549428,0.054041376054826916,-0.07703824941629651,0.17887557001293952,-0.03876024588293492,-1.2077638928448495,0.0933514036835506
142,1.427197680207641,0.22079546088069713,-0.323539947641521,0.0554978273773784,-0.09502717188068534,-0.034020737340264985,0.4320377493182352,-0.18843548707341284
143,2.5106783369874193,0.7409844292808367,-0.5229566697570384,0.1648805227019282,0.011112627348090664,0.08032310621133547,0.9706869528145556,-0.1957017832256083
144,-1.6556369997509612,-0.6164965179363044,0.28595229166933517,-0.09632044435824687,0.15368309501126656,-0.004214265996121396,-0.9935965035245969,-0.1612418792214678
145,2.521205306939223,-0.24579708509197398,0.16985430921590522,0.1104781797588992,-0.016127547035420874,-0.0070258138725124535,1.6493908186887243,-0.14174790671710907
146,-0.9045883768934412,-0.682701588221467,0.4261232162867835,-0.13893757633757048,-0.0058527515049935025,-0.08658387167157577,-0.3366714380460401,-0.25817510702561813
147,1.5905536237656013,0.2956583250224905,0.34435900555812626,0.06724596733405921,0.08346862165303075,0.025440652640399825,1.2121941560662226,0.042857463129980226
148,-0.26211063265348317,0.08389200676711506,-0.19014394235367751,-0.09040331063820604,0.0276695396289199,-0.029396011588885995,-0.009237319599003221,-0.0070339764644540255
149,2.43669850167997,0.015346219854285456,0.017961426517657114,-0.10583486696616212,0.004792440010777268,-0.13908355915999837,1.8705656368991013,0.010315916277630802
150,2.1705269585489844,-0.47478066427725696,-0.07955258228091906,0.2632752355334563,0.060664087288663404,0.10799693876371941,1.3164992908117383,0.10200559211208994
151,-4.386367308218627,-0.6350506962651719,0.35176332119605425,-0.0903962255850388,0.0005818368596655316,0.03825150939376127,-2.3890746763323523,0.11745057850130444
152,-0.963364444208509,0.18110577779426232,0.033411451269792135,-0.3305432046147978,-0.03321741723770087,-0.08412764993301411,-0.32238684982814797,-0.014660682117381817
153,-0.3993301698371518,-0.2875746226279653,-0.06336929065420766,0.07383697334962985,0.10286252438763585,0.010945438492053818,-0.16277403477722574,-0.19152940122223422
154,-0.15718704685103063,-0.7009473561788194,0.5264875493888711,0.04216669772635592,-0.011312310836262248,0.009442909752084151,0.3969934253718551,0.06491270511129767
155,-1.656462393487443,0.595576205314013,0.3959086060543145,-0.1481620875215977,0.011810412355719453,0.0412507270809067,-0.7632325125037289,0.11240227769913053
156,1.7604241203338264,-0.10653245279944634,0.03679692892988736,0.027707396930256874,0.09887729294542828,-0.028021778252219902,1.514623208134162,-0.08066743033028595
157,-4.0847988754314155,1.175722192490815,-0.05025722880778802,0.028272375603989538,-0.016108781218934987,0.011814984249422582,-3.0337909306871014,0.18281231649276344
158,-0.30556241063955397,-0.35405207197037786,0.057889630425278504,0.03663538526668801,-0.04853445595575432,-0.022720872526885077,-0.34284972985443185,-0.18749656957459532
159,-0.9555465264436841,0.1702318048474962,0.07038971815840353,-0.25575821404925053,-0.006863652423105934,0.013476740051138391,-0.5336714823802282,-0.031290820458896536
160,-1.121821860389094,-0.0664851184532401,0.44770625447496415,-0.0017706667104050167,-0.132234829451762,0.01592658687164977,-0.7465894628416672,0.01053469079057013
161,-0.3573386906867499,-0.3379322982826518,0.013891238738609608,0.1315777695214754,-0.08590037702887285,0.055431444259602856,-0.030701131051054813,0.23512418051843817
162,1.024309761382901,1.4751753282780231,-0.6981149944744363,0.12570175624791133,0.08819778414346917,-0.022090351105324535,-0.04696247081546619,0.11538664427233981
163,-0.018586291092059712,0.0035126364045826607,0.12623397082966697,-0.018069306134531855,-0.06181258440054638,-0.02918939217412168,-0.03649686583123309,-0.0306822307524573
164,0.5604762547164853,-0.4387039038133531,0.03636199315327247,-0.06845112199084326,0.03282274428889401,-0.005317097451241883,0.3415190571269222,-0.09830043841612585
165,0.2986190721042413,0.4929098780373731,-0.43661593587938846,-0.08627344468776008,0.046877817340559604,0.028460269647645496,0.009347360066229625,-0.07586653925418586
166,-2.1446451059866365,-0.19389240666986385,0.42125585249942604,0.100334066975931,-0.0820197111194963,-0.10164201613844134,-1.4292233520477589,0.06956490123101453
167,-0.5418198982883566,0.28062291999425304,-0.03294362868320017,-0.20486579937625896,-0.10574585745336111,0.006550677982847878,-0.5766751653956927,-0.2284929318115828
168,1.029884857520601,0.2367254157587746,-0.1168080600849083,0.10727390213091575,-0.15390648442777732,0.07813376861662981,0.5162416534831965,0.14208147327259082
169,-0.023045557053523038,0.8148463983422289,-0.6966396184159648,0.07710049821040481,0.03094265510177036,0.047204608377693184,-0.36023172919286406,0.05004953191702364
170,1.4956781336751883,-0.8855890045707326,-0.3633012119818342,0.03792226061281376,0.004926920036740755,-0.030197612865398012,0.6645676874723463,-0.4027694479225697
171,-2.2756717776493134,-0.18724948722270285,-0.2398237384624729,0.07072556098560077,0.007046135024485804,0.026680988061515223,-1.4353836332385337,-0.0315268216107523
172,2.861561430467248,-0.10328190567905002,-0.26775393967484884,0.17733323432633902,-0.03260789312485389,-0.020212318649560385,1.6756408207032807,-0.04709265977307349
173,-2.7682770688776377,-0.4078579437112031,0.12882741428795633,-0.36077159375206885,0.05838212329465617,0.02950745825136775,-1.3601616240603265,-0.19772845560505767
174,-2.297996254491001,-0.33263632712198077,0.06333027086548058,0.017050597958236543,-0.02019510361551034,-0.04912577920410233,-1.071858567791229,0.10066018202345399
175,-0.7959637545442428,0.31676534188079175,0.4716325172677172,0.10746267468849122,-0.01174142178613635,-0.05431219640515551,-0.6327616158934305,0.2650604994738493
176,-1.3886705472890222,0.4362037269279624,-0.23073503741235343,-0.02218556507815072,-0.07771099529998478,0.03553363850891818,-1.3584047552288634,-0.03639567454222174
177,2.150907228671976,-0.5606322417576536,0.7630842628486371,0.0682028300897806,0.012398471778068,-0.03725437918786903,1.0053357373078178,-0.0012467038911221355
178,1.7373541593075632,0.05579892635051847,0.8042095722611704,-0.04223306304205223,-0.2183911391892482,0.2770966110912054,1.1149248618235865,0.24139346025188094
179,0.16343109338719927,-0.11520750735626205,0.286526376044297,0.20542686801327084,-0.05559351262283808,-0.21647944972979266,-0.3368305709960718,-0.04786732369670189
180,1.2436287023969412,-0.027335523515322046,0.2135368385633195,-0.13629242651347967,-0.10046685439898877,0.021794202047616763,0.8329251531040593,0.0330882713619142
181,4.072477256220269,0.4522300983684797,0.8454375625000675,0.43580815475508167,0.14978135637214166,-0.19492028348073526,2.2069463319969636,0.5443300398581186
182,-1.2056718517464011,0.29601356828448033,-0.33976463600880624,0.13371936124136377,-0.17869331630358737,-0.03096303003240221,-0.5881414532785864,-0.16742571396581873
183,-0.946120756095185,0.7643095608691546,0.4529405922599861,-0.02907042587113141,0.024807724014409428,0.07749879878297415,-0.8576293631336716,0.3472766631029701
184,-3.773141146962721,-0.11965711989885071,-0.7018997303433065,-0.25065498504587047,0.005722762119997747,0.05885839228102692,-2.1537889638828127,-0.29769167258405765
185,-1.415324220002634,-0.23955936112536996,-0.20923524063871243,-0.34268285085858585,-0.010835698033684522,0.003344116335164452,-0.6351587738134399,-0.12885406409969624
186,0.06323391505772748,-1.0069594711187033,0.6643090655872075,-0.024010493875231666,-0.0008727082159359817,0.03075011708327419,0.20058454754987945,0.023270566058981708
187,-1.0084086473769178,-0.23652278639283703,-0.14369410879228836,0.03619943617210197,-0.1140324580925505,-0.05246469986521557,-0.5691147015935368,0.0854223863506816
188,0.6576109981206104,-0.7038974091774097,0.07796889377030747,-0.1609242698591884,0.08185020948331907,-0.024385776028849917,0.7895655763863849,-0.02468435666044234
189,2.3328152691285395,-0.8985046597247092,1.0039294929004556,0.5355785036570031,0.07278482310023476,-0.04171013097268716,1.9415300082897105,0.20280595050616088
190,-0.27526310500711165,0.47227605825924707,-0.0982384835646879,-0.3169900283078889,-0.09176348419642524,0.03300108191163795,-0.22889762590075152,0.08438997965662484
191,3.486374807121732,0.37966170802827454,-0.14473153969535585,0.18653224552029007,0.15579816268013244,-0.05713366017044774,1.6448742452501417,0.04770331155333159
192,-1.9026007879903584,-0.16806943125160528,0.13570894245367823,0.398152746142962,0.0655043465649351,0.033351397968771304,-0.711949440154911,0.24798282875218927
193,-2.6948108800625326,-0.12119260032362433,-0.4274383907976493,-0.22573852085060642,0.06370928132697519,-0.0004980001104173724,-1.424385939652503,-0.12611408478785233
194,-2.474465374275004,-0.2525558418937377,-0.23953265968391874,-0.3464419428956724,0.09442736972525057,0.04481532649994156,-0.9432836657768501,-0.08935216210562415
195,0.6941578867347947,-0.0029858982586572556,0.3481350730173074,-0.21344125062993932,0.02261637843008099,-0.12412852186611821,0.7602973619070338,0.0029968474379025068
196,0.25565452887415385,0.05611247862823195,-0.04394561687604472,0.03608416930235933,-0.06906118930221225,0.09823766256203881,0.3139080742199755,0.20136875176528563
197,-0.8856385955059809,0.00368316589139386,0.18725157230029327,-0.117381508235169,0.11488067586028364,-0.07400777178496909,-0.41982172770065684,-0.15980620737629553
198,-2.8304286112504826,0.2709408180062415,-0.40052792187749026,-0.21587305257441455,-0.023197067717485788,0.11119518221342056,-1.5713886629734308,0.05413854795363641
199,-0.5456173392003,0.03323315408861843,-0.04115705146138179,-0.04355618441334622,-0.045547717750609555,0.026547188841462257,-0.471149907150923,-0.09141939558160722
200,1.2733317157094022,0.11328601089835635,-0.13626373822273358,0.337705490322083,-0.01361246124536623,-0.05132530006165416,0.36463583628935814,0.05454793208484647
201,0.4917419358753898,0.4032322350735912,0.13816358228768966,0.0009843309921469252,0.09462678157324492,-0.0071772206256869074,-0.2370015518625225,-0.1260149253556292
202,-1.8041237470010953,0.009832445255803617,-0.5868269493839093,-0.068971977808132,-0.08413295878993596,0.061923202383432324,-1.0345516062854452,-0.015770262524016917
203,0.020179293218997026,0.21211061171504184,0.36172551861992197,0.07352689613372561,-0.06102237703363725,0.03684538321407776,-0.16875335510958228,-0.13262224215810034
204,-0.23295060716646987,0.19505733274254794,0.23375353586871875,-0.31758315105529983,0.0805689379617482,-0.010696433134073494,0.25101079977611546,0.1645498488568487
205,1.2902780509117806,0.3171240338546204,-0.09680869547602895,0.323366975600955,-0.06463781231429302,-0.03200843261768274,0.335608963306459,0.15013083402166824
206,2.175441310484283,-0.1878171159792406,0.35532126061423674,-0.08122857201132616,-0.08354258081751793,-0.03475087143889561,1.358289676806159,0.10788299957113666
207,-2.6768233615455057,0.23302283991998177,-0.10853758772463076,-0.15082496067390452,0.05815439341662925,0.03629303757134214,-1.7172612030151015,-0.07479441129829748
208,-1.5326512035012756,-0.31821255620796735,0.026308942053665556,0.16069239460531665,-0.025238355866740912,0.04632561956992995,-0.7663160000018862,-0.03599464969431493
209,1.163731862781097,0.1841540502751734,-0.20968549898405126,-0.03642088600437962,-0.006320753801593051,-0.06315251213163757,0.5917595420692648,0.04758487715514142
210,-0.7397191157935787,-0.44946088006654067,-0.5743023494906928,-0.025997150589027136,-0.12353270490364976,-0.014723258639149793,-0.5414123756345668,-0.1411102757197972
211,0.35649480562075775,-0.10989301884838464,0.14149661230360563,-0.01004139544043269,0.023011371465746333,0.09884503560078783,0.21703569141304357,-0.06523112206840527
212,3.1498394819585047,0.2779429748805902,0.5870058092988588,-0.17902463519464093,-0.009851464553705495,-0.13266996149719817,1.9950799716746945,0.026765180647146145
213,1.289381384224631,-0.11874159813683575,-0.09961810962212113,0.005372263131253876,-0.07283913883344163,-0.004271063479313457,0.5190238652481957,-0.0030509757804091345
214,-1.053010607750593,-1.1263948274421833,-0.09003212457222974,0.1685064797546191,0.04999762016433361,0.12524946456051864,-0.23587488620174055,0.09365651793764357
215,-2.8402482987390614,0.3385934574349907,-0.08139814181961047,-0.27531455659021337,-0.005469736727219529,-0.04826386985161176,-1.6134705777443918,-0.005519267199898721
216,-0.14874991028193985,-0.11182282325259645,0.2981288253979457,-0.01993478913957096,0.019149522583516636,0.019580174016819007,0.0763242907527983,0.039732890957742774
217,-1.2457468104669858,0.155982577923999,-0.2646113431714847,-0.1339009753379186,-0.03375128618546162,-0.016068082202870686,-0.8705579696668093,-0.09022824221106249
218,-0.8380527047224487,0.3276009477903131,0.06070133525546984,-0.37325021733599234,0.07966633956949273,0.01032354670162001,-0.33222201272151947,0.20063442407484125
219,3.201703843160258,0.3676964280649342,0.41226047728946813,0.1723850803000672,-0.2086232561217213,0.034571271270374286,1.5399185673927946,0.04818517055602765
220,-0.8387881629289619,-0.029422412050386405,0.19413634018175263,-0.009799980819399413,-0.0319747377772965,0.05535138367194879,-0.7117250155215747,-0.03231054060687721
221,-0.3574444143912517,-1.210412437396141,-0.5436485488130882,0.27011823162004744,0.18155030297928346,-0.06602665055055994,0.24859715311340766,-0.5270566547609418
222,-0.6823393323312461,0.011730207753058195,-0.07918110634141887,-0.07169941375926958,0.040294172451458866,-0.06071127437143351,-0.3174474898024671,-0.20706531554859778
223,2.5710061643526223,-0.6042295861048906,0.1773475924445496,0.08549037551197654,-0.038147961998281146,0.09205744844178512,1.9760189859557449,-0.17624267644648947
224,-2.2911920296004165,0.25677731884200516,-0.30686315029739536,-0.043597017353490024,0.08341613024755704,-0.0004422356304173873,-1.497354377974082,0.19576539523305203
225,0.7195102906285966,-0.523647910224529,-0.009912649685270156,-0.04640297712036027,0.04012885374634835,-0.09831156357736179,0.14704529819963952,-0.17128226375419914
226,-1.0414325883846618,-0.22441004472468287,-0.5943395419981916,0.12487163175749799,-0.1103106961582769,0.10639481933264848,-0.6430878633414746,-0.1408694333938604
227,0.6546977387831178,-0.37499580497663415,-0.24747446871279738,0.21606145237681124,0.0016136464313750896,0.031659682340832836,0.335726587656463,-0.07681463980495462
228,-0.08110337757453791,-0.05555769850736098,-0.5446919661947,0.09613285039877024,0.04153397121477095,-0.07620357111324766,0.09578330064276204,-0.08233164508613841
229,-0.8391126911109149,0.37062450380429723,0.09115128918499463,-0.013333899932555784,-0.04600492774413747,0.08115247435875486,-0.6178994982541564,0.15902043332282645
230,-0.8580582582972529,-0.17302340371899338,-0.2616455773395317,-0.1351927291714893,0.050080153875399935,0.014177605933467842,-0.625494161690443,-0.02083520850491036
231,-1.6341160773996217,0.2594358293045969,0.25656947066612973,-0.057631493813115865,-0.05207164426302438,0.007278473094856374,-0.7993613491929773,0.17663832669884078
232,1.2954717864376335,0.21468697646867044,-0.12061828191129008,0.2438163674810857,0.08625841515845702,-0.14578358827966628,0.5464853686113382,-0.04817821776584697
233,-1.3258688619925112,0.3824832834890108,-0.263081545063657,-0.05102863793700281,-0.07801241409067881,0.13127895292845942,-0.9280386086517337,-0.013727920848295716
234,0.39643697573505854,0.36712807674227665,-0.210522015821541,-0.050047406547559695,0.015525698709690184,0.019612639769717978,0.22874469952537904,0.029324895644140758
235,-1.0882860043234603,0.3148107991120899,-0.028503127253258983,0.19516503273127547,0.1512728017539797,-0.10192621908181762,-0.542389267038802,0.14938118789716182
236,2.5457036333024723,-0.0751538622710676,-0.622263478813096,0.38900212165726517,-0.02490848154435793,0.10140422872122111,0.8987205609699598,-0.1464134418951725
237,-0.12842934339740802,-0.07496104775331351,-0.357359106834836,0.16829326320156332,0.0602207211854307,-0.01566766158610795,-0.3209295789481927,-0.2257355168797164
238,0.4539239528401621,-0.08963058720917236,-0.3526455642974111,0.1911360190281835,0.004024192259698846,0.005807817858179707,0.1451221613454949,-0.040355967939295766
239,3.6652610165765656,-0.25018370371983106,0.20828516212956177,0.40107164270751045,-0.03370953705348201,0.005621231173814141,2.3204041501960058,0.2826003363265748
240,0.0892800827236201,0.5186043038917312,0.017876923593510965,-0.3295297102945708,0.08815729562579526,0.06440205924151528,0.08148398525973638,0.21175843050940513
241,-1.2432793012491328,0.11719349163605658,-0.5901845703943037,0.1711422277737259,-0.08507298641986816,-0.009885992462134634,-0.8206718545530306,-0.048782895084751504
242,-1.035277168699768,0.39721976844362367,-0.06959848309780454,0.10021433259212212,-0.057834374751307295,-0.05402182655112313,-0.9674607071830783,0.07374157235153532
243,-0.8812577470829696,-0.4224248371962973,-0.1215676989171915,-0.18386339942733634,-0.0054211534336511625,0.06498838844145369,-0.5652390430911405,-0.1477277226848437
244,-0.13641919047704565,-0.30000898939128673,0.18846534772185475,0.0711587111723617,-0.025104274071975387,-0.032339782914056876,0.10871966212158743,0.0813176619658353
245,2.3678491574061544,-0.16087993628992028,0.6370135018369928,0.1145199969450645,0.025669709576996033,-0.03128984104002845,1.0646581662873995,0.17284353411544037
246,0.0946848793996442,-0.09319550594239363,-0.45725259337671176,0.26231359692332973,0.07195974375137808,0.039756773193582506,-0.6202641274093694,-0.18237434805534888
247,2.5464585005399063,-0.24900848162611577,0.025296826557976236,0.1728821516635135,0.00466754579324433,-0.006666237884698404,1.345587868338359,0.05121492393351028
248,2.3311849355157728,0.5639159162596765,-0.26756140029952413,0.04072543028477667,-0.0942501934903417,0.09722958148713619,0.8267278726485986,0.06672608990103078
249,4.202471133316429,-0.10646472385483992,-0.11533809089000634,0.15452620738686035,0.05069203316068599,0.026267515349342935,2.431219402998518,-0.1698727644256803
250,-0.5033993707144401,0.6373784608475639,0.4405711052738529,-0.43182477337678343,-0.08062957597021968,-0.00987252483702706,0.691923545951784,0.11170893398730236
251,-3.4629762043743986,0.22060037083161033,-0.4941298693301674,0.08129400635121953,-0.09897613542906313,0.018319782990195828,-2.644980171192258,0.13205840459208137
252,-3.033745305870205,0.9842642535672282,-0.1823481649565343,-0.00425583746481907,-0.022692916444728328,0.04890620364818604,-1.7918309877076184,0.04841384203238872
253,0.4173954079071728,0.6233291145150863,0.041523392497514175,-0.07921480695359301,0.009442950492728187,0.04524407622918955,-0.37017387547051867,-0.034031484996605674
254,-0.09517684478495265,-0.35327200256221564,-0.12687144283650098,0.13553965011012556,0.019093734182460208,-0.04671922429726933,-0.0463887112020572,0.03387374713261045
255,-0.9259793905602387,-0.735667573679569,-0.3281817415854011,0.13551925179770272,-0.043456373225712726,0.02420635616598046,-0.6913192933941688,-0.06218190115077079
256,0.003218816826926601,-0.6968458808156476,-0.06038523126780249,-0.1018805848770609,-0.12753088504350965,0.04000149918125643,-0.02292084751606382,-0.05403575032578777
257,0.37444246053091423,0.2044419752785081,0.24632764850618033,0.05179684986312202,0.04512836440076439,-0.007136613075956261,-0.06258458328864086,-0.013632709049584527
258,4.817165961000893,0.6810579223144272,0.4003987126069744,0.026235065944348678,-0.17737139638318294,0.05843862075258663,2.6400436873774726,0.04470625684976685
259,-3.248189103737594,0.2784474954040216,-0.48617571059549325,-0.1659880187982703,-0.023733818519349366,0.02308180293802226,-2.2342260014977033,0.046683660661860464
260,-1.226556550418257,0.13834816566228977,0.22571157856716342,-0.05793752269543039,0.023622716696131578,0.06337020390841198,-0.36823863961232245,0.1249921957853144
261,2.2603813080375503,0.5532322789976614,-0.02159042465541544,-0.0010752698992006948,-0.11840406053674823,0.003970560616147361,1.134065897774468,-0.009015009302318204
262,1.4125755272833496,0.05679320745986235,-0.7797971997031268,0.24586054935676252,-0.0979121332490296,-0.11128804205188098,0.5197702047683961,-0.10381626673367214
263,-0.05805680989660695,-0.9693090647338348,0.2601576947279698,-0.2809885056077191,-0.022356377672150915,0.04290423215345354,0.70726185413087,-0.3259686980978913
264,-1.5436362804087398,-0.1298779956612953,-0.24320538654520898,0.023145705810423745,-0.04365238620917185,0.06683778208419074,-0.8970037084883392,0.10491633408863103
265,2.019515199519022,-0.657253512205048,0.3778200146055539,-0.22983029510357206,0.018891027659311787,-0.10816691006938652,2.25407993344762,0.27950942351724645
266,-1.6346720707623332,0.43516451515123,0.9894055528258631,0.675363704736631,0.18427214588862845,-0.054425809186339345,-1.8878750115207348,0.16334785960695355
267,-1.8929260729124826,-0.5808768136441222,-0.15024569786121886,0.22696875135635317,-0.039203412791667426,0.15739880292001393,-1.2717688783147287,-0.020352024864817804
268,-1.1197522876811108,-0.45908061205548023,-0.42755349429656975,-0.15560342394838383,-0.08887273239678097,-0.10563717379558964,-0.122115915376978,0.22553481168415992
269,0.17385565645158477,0.1274831367473073,-0.3127867342442391,-0.13782638863564992,-0.02964655788246441,0.08023548449012922,0.1692865685497844,-0.18605851669623225
270,2.885732692891274,0.012880757918177827,0.509847808675379,0.3516619803570403,0.05699559767009777,-0.035887328246346294,1.53017827253776,0.3230854121820715
271,0.8876245775156536,0.7979653890039351,0.33962046353994024,-0.35350993203397374,0.026573357835451613,-0.15680091655069756,0.6180484823326293,0.040610480052760425
272,-3.9239665716276875,-0.3007659982673251,-0.7428807057599739,-0.32243028029805115,0.07938723112704307,0.14522392481776458,-2.0174930918457594,-0.2722982931386582
273,1.7211650659444815,-0.5321243902936268,0.3641865560371658,-0.13097188379122804,-0.15856268213369484,-0.03347263005094923,1.8719034474382885,0.1320788161520179
274,-0.6195548469287409,0.10599770793427807,-0.036959879864433366,0.005574198598833516,0.01548800570343093,0.05418637197835046,-0.15235356749042311,0.009578231704255454
275,-1.347025561840745,-0.13994696954733699,-0.5869962732912171,0.5416002410128551,0.04488791615300411,0.08992934437658183,-1.1275000010071123,-0.1628402844463712
276,0.8054264803046964,-0.328199785922331,-0.334950258469594,-0.28804807399277926,0.05053674601360722,-0.09922338664254911,0.7167462878066673,-0.14918925601629401
277,-1.6286714360556906,-0.03639066181038326,0.015328810183480961,0.20253472526429414,0.12074103227233114,-0.03704990778935167,-0.8969768196765334,0.08675351854052445
278,1.2208277095907234,-0.9714340363086039,0.4858720585374219,0.36169591106314103,-0.16316038840854452,0.03427085303676161,0.7696617141610224,-0.033255012257747976
279,-0.12975663281279975,0.013136923717777435,-0.09163177853511936,0.0355644089109012,-0.053229026534257,0.021608157656536685,-0.13864781462634876,0.03646716343959801
280,-0.6125493805597942,-0.16164844851998889,0.004260275227338262,-0.08611050201516043,0.0550424279800252,-0.10683527567681307,-0.040707206883486495,0.09343950171070849
281,0.7163184720307677,0.24453512005420075,0.1949419581109704,0.33627692918456054,-0.14163660978105294,0.15045272406355864,0.19030349322364548,0.2386043358772744
282,1.8020843310236554,0.2956319432019376,-0.019136736156349796,-0.29002515063723117,0.12210688335165937,-0.008580827013592304,0.7304644012894822,-0.09581491593501502
283,1.6747107589210175,0.4237357494682461,1.4330805285076176,0.26696388431205714,0.009060401241231603,-0.12003914730147078,0.8677785445845348,0.42105218301334546
284,-0.3867885456641293,-0.09517830364962301,0.1684228430718845,-0.030915261063662415,-0.03522924326879769,-0.0003384733724159888,-0.0004777964393228969,-0.08763908678631185
285,-0.06849158328156492,0.5090667829382596,-0.22547153335755862,-0.09766738062297145,0.0776600924271184,0.04647704909748626,-0.31822173241924623,0.07238734864589047
286,-0.2559700502611998,-0.9299170671357494,0.7434765256729419,-0.022447865699586452,-0.08324179701347925,-0.060320576749563,0.6579992918679851,0.1723402507171189
287,2.424401379531106,0.6195269584892817,-0.7200486570694691,0.17771975642023607,-0.021881555092523645,-0.034677827281345795,1.1345109542873941,0.0124548241912432
288,0.2797762187650782,-0.7350985944271261,0.6657196097695263,-0.16911912433489373,0.0092032272349969,0.002544844780450111,0.1629280131073807,-0.009276420015746563
289,-1.5584902792660118,-0.10731857528939756,-0.7815537935099834,0.06481832126395538,0.06753996354822393,-0.06396071738065126,-1.5432267254934977,-0.16278896868943626
290,2.5553801081394507,-0.7983344979053151,0.20655581893395047,-0.1024383532344466,-0.1960478455392288,0.11253406009735484,1.7692155045327105,0.025463063244057522
291,-1.2080432842597593,0.17878439637859606,-0.15385190422681602,-0.21986956769117516,0.0002921813072881465,-0.027301659807222836,-0.8236913406222,-0.15956038489851992
292,1.3026363040354674,-0.807466325723663,0.6778158824245003,-0.013132715080849053,0.05412860362516124,0.012469203218491305,1.0827218616649505,-0.027642192653804014
293,0.22300433418442242,0.8925123248453765,0.02429094010499853,-0.0670317653775626,-0.025823636842421074,-0.04767781376360318,-0.2035885754697046,0.09606985197939874
294,6.6744010681033705,0.15122090595088805,1.1855568042852838,-0.37894559438437253,-0.09608273621520742,-0.0836856090367386,4.205350488293052,0.1055691339476451
295,-0.4414917413665824,-0.12567667388832454,-0.6575657086785386,0.41607753270617703,0.12616062829649113,0.03271173634731264,-0.021185578698390946,0.3171368767282552
296,4.219018479341535,0.16848803034473964,0.8407086928376444,-0.26986895461906607,-0.08308098217917512,-0.06312460767085977,2.609712189707623,0.19184580701499634
297,-2.41791662944868,-0.40786494410118024,-0.35885365417476,-0.03490562153343007,0.16065479463750976,-0.07559703163997433,-1.302348903360052,0.015073761394124946
298,0.3421540026315865,0.4031288725204124,-0.2052165621007239,-0.1752125056646957,0.04213754611732672,0.12673887936546868,0.2679264960922452,0.06841673194534084
299,2.619391752378018,0.11173295553828223,0.46116602963797515,0.15751261460975716,-0.06836027460108758,-0.13997607329742845,1.3953051922509554,0.0019214923816015493
300,-1.4131000760613694,-0.6047797707781558,-0.7694629664890756,0.08188338082037244,-0.05181351061764021,0.09664840481509047,-0.7770388406713868,-0.42496713857984036
301,-4.463538338942686,0.3208054342340341,0.4478654319699404,-0.14254622091328964,0.20888843358022638,0.1481609361693993,-2.3927110495980917,-0.10968710605260858
302,-0.4977625341057481,-0.09128818107866962,-0.3965999536507401,0.015082888503440358,0.07382913896809983,-0.08975080784268857,-0.44938927977480014,-0.16729021685120685
303,-1.323118007428871,-0.18642822539061696,-0.1606355264131281,0.2595103141350314,-0.13836761105043138,0.05577308672967924,-1.3513121611524215,-0.30715852839177415
304,1.3288197637710608,0.2550186188784797,0.2642677865490436,0.06435473278440275,0.12349809305138883,-0.15668024591661156,0.3667441981667833,0.32900859856936926
305,-0.15361968410765448,0.5526652652425452,0.8709074415667726,0.1819368386228256,0.1182914336936036,0.072433089673649,-0.44489010949765717,0.247576047904609
306,3.8329436088601705,-0.1271563028013633,-0.22712964691389972,-0.07321794034422897,-0.1565478936024254,-0.00856401417478883,2.752836254168162,-0.08080913330482635
307,-2.8574001681476924,0.37693719277255744,-0.5238954749655947,0.2666792044930227,0.07087437817846434,-0.05967632895428507,-2.2161880641143052,-0.07777293280992369
308,0.08422177866902707,0.5233933227306108,0.5123806923611784,-0.30609520258572553,0.022754936133468878,0.06363286822961742,0.10312704306705639,0.19065500264417629
309,0.5111370064599896,-0.45061829685866595,-0.43866005771281763,0.22600716247676475,-0.10734676783075334,0.009634379716802914,0.2930136966329114,-0.05166036242268673
310,4.952934747122327,-0.4791173602186511,0.04054958125342098,-0.1340759078821781,-0.10386087338267427,-0.06688205139437262,3.0451797224790527,0.10071029823457187
311,0.31593805131763214,-0.2922962395922736,-0.20617909823666042,0.24983845200500066,-0.021309785993144797,-0.01853526819723398,0.42986942016253976,0.009272730304201813
312,-2.647251151141735,0.18331071920660283,0.10327886583790659,0.2039069625268855,0.1600104904782242,0.060843669934945194,-1.8677644797838684,-0.020610003297662854
313,1.6866055422621125,-0.13024027907899655,0.007981563813064673,0.23616094497419976,-0.09440577379659126,0.08815072816941048,0.9262594286982899,0.10981042635985098
314,7.217756328688241,-0.4355305892790918,0.25380474645451745,-0.3333252532056772,-0.09545101503223678,-0.21206478009948523,4.583100809886251,0.06466697043911283
315,3.260628777782121,-0.2526734022754769,0.13110075647500163,-0.0811922634391827,0.008242913178344588,-0.10430832837685161,1.8240841289543914,-0.19053439529791516
316,-1.6396578098781807,-0.5330685597735229,0.06565871034566462,0.2657399566145032,0.044909427267127135,0.05911089467514693,-0.6910739104415371,0.13312566411713697
317,-2.455827648445797,0.2385941848570633,-0.14574738999949177,-0.3399975908817669,0.10903449287330193,0.005604016747944563,-1.2780495195929304,-0.34257389453710085
318,3.335108973699164,-0.34667351677707814,0.2531513844690469,-0.11216790270758423,-0.08373602938089181,0.015543782872414718,2.2654859073430966,-0.14903239617846328
319,2.1894573467192284,0.7099622754887377,-0.09116392029102138,-0.07648766765644016,0.0510063219629031,-0.017625302922098716,0.7556446359790624,-0.10435847658092177
320,-3.4234373859543985,-0.22262421819917105,-0.09176322972284547,-0.01827602998330817,0.06556698152858342,-0.031103552901587995,-1.8922771538634129,0.14671434375027015
321,-1.0063300204021246,0.7015426986646875,0.013485270422062086,-0.09643660712316125,0.04027911056397124,0.052625377470620585,-0.8045985682930209,0.3380068019229451
322,-4.277652473502542,0.32067771260657235,-0.16196815832396858,0.08892180273148037,0.01793638519860978,0.1029570215661877,-2.034139734272519,-0.08735867521521816
323,-1.5154020802312214,-0.5021520003828988,-0.035324496209897235,-0.12043859418034229,0.03910800748550315,-0.03156430298461654,-0.8134051628165477,-0.2154618182989507
324,-1.3952726046002049,0.3985224324023443,-0.32525173345467523,-0.24314462505413809,0.07017346984976054,0.05134356935045519,-0.974040207462302,-0.17209391735007515
325,2.160327643372355,0.21092506944540307,-0.16735549828182225,0.2604227157993985,-0.007077437521627634,-0.00035428660283550394,0.8228336932612081,0.08199941413468011
326,-1.8639667486198557,0.494548105823145,-0.12406570936544188,-0.3534295232215869,0.09872741667151379,-0.03346944274217986,-1.2450601323286525,0.0620378929031961
327,1.6619373228188774,-0.47604440361703354,-0.09262972921922602,0.16012833766965207,0.09537414653549174,-0.08035877964938971,0.8665196764115412,-0.18533594699572564
328,-2.664877495280335,0.03664608189619638,0.08244634079807503,-0.005651791196305444,-0.015340128139151716,0.09825866543913976,-1.3048803316080553,-0.2159518793831665
329,-0.9184641406496893,-0.2222607338982503,0.10307556653070261,0.10856817253516789,-0.038582671743448683,0.09798722272127854,-0.44254415375989525,-0.1298866179026222
330,1.3702324885448838,-0.035469062514999344,0.4028073279529116,-0.26918408087688744,0.10399923578174029,-0.06657617335287838,1.0133523109132785,-0.03448442514287376
331,1.630624618922691,0.2763966704077683,0.02333594930319336,-0.12064093450754919,-0.04045671608019397,-0.08283678795787329,0.7096252919786932,0.1655369231115302
332,0.9500320666811793,0.030896954870000114,-0.2538188378051699,-0.025526384534539443,-0.025639280864701637,0.03608458207656127,0.44057398997212366,-0.12574582731135944
333,0.04128397234230957,-0.062086152504010936,0.4424616203382823,0.3248612074485794,0.008579062005539064,0.06881014177225478,0.04399935542786789,0.1798557581809932
334,-2.620080081538141,0.12701413200004935,-0.008982490344744144,-0.2550854258971431,0.09579754812609716,-0.013100850336724444,-1.5383073794278628,-0.02211879735020695
335,-0.6319637875329632,0.1210904872338588,-0.26772791363566273,-0.3372795218884352,0.02046812770716744,0.009493009484172246,-0.05647989321918587,-0.042523484062776326
336,1.483281501721429,1.049148209794452,0.04650101998159617,0.15522115941418654,-0.03293229338244267,0.06409309949652572,0.321314585997506,0.009870608552689963
337,1.5434755987880422,-0.18521112355973693,-0.10301720786687107,-0.1362781116261124,0.13093812916175454,-0.0584113944429586,1.0752030746062036,0.07118016157413583
338,2.6445057706674855,0.8330200407238185,-0.2734810161390719,0.12230141449185558,0.08116693742874427,-0.08697747122540538,1.4855954687507147,0.11921164082567788
339,-4.300982327473991,-0.25645515036521993,-0.6905094220940762,-0.11552870451262101,-0.04744396710431968,0.17538628567656808,-2.5706423130987064,-0.4781097217917409
340,-0.17997540778869475,1.0335602682446574,-0.47666502601131994,-0.23893239167340016,0.1792025155325097,-0.0581236028818015,-0.7849738408120709,0.007029515828042773
341,-2.338564057988091,-0.30136878479105084,0.6899687340640088,0.13146548066981473,-0.08224398414870703,0.022705283141482905,-0.8351414052234294,0.10107675305876287
342,-0.08935622061516843,0.061797629123910895,-0.22735889255352923,0.05703966196786727,0.06283390941202852,-0.08253861348957336,-0.23751060744911093,0.07426779648717599
343,-1.2313350585348155,-0.6955022759222241,-0.08366667382477541,-0.3960707061377159,-0.13504687923199168,0.10897293168212333,0.08490143221699908,-0.03645359348079644
344,0.50447140231508,0.5304458860550562,0.16826018108250418,0.30530431005335423,0.08674666765465136,-0.047787566702955316,0.019050351092983565,0.13475516989892847
345,-1.0791075045329999,-0.7755901181114786,-0.23785536832829857,-0.05767441642001627,-0.008233533966618961,-0.07802562807520694,0.008036461630194268,-0.0817330168422527
346,0.11303891087698875,0.2908864397028083,0.15803222877893502,-0.04031844394234036,0.07752972763280062,0.07530852532738873,0.18154039965751853,0.059790074024587456
347,1.092306219461024,0.2858917431883254,0.4366770657786521,-0.04256942375200854,-0.014360587484535255,0.032543577370234826,0.6226535999544571,0.055177591486826286
348,-1.3181137916170003,-0.2271253779818732,0.22123110152687314,-0.22808044807782143,-0.028431856918894518,-0.0048197193480771,-0.4002583293324253,-0.11207381858904855
349,2.8515747037834123,-0.7307113376945379,0.17517338078041172,0.17285550643283362,0.03245616551895662,-0.024535748598483384,1.960887708333091,0.10945973594974515
350,1.209817154910792,0.588478903763759,-0.1536420140277271,0.4321107807393433,-0.029446354013047026,-0.0583407750001835,0.09320761584660454,0.2227865040642428
351,-2.586689693085787,-0.22895347402440336,-0.20025757116958767,-0.24503937355866748,0.06590564301880895,0.014281593682500263,-0.9743241466305157,-0.15672404784670704
352,0.049304301393945024,0.11357737754565603,-0.14931234577868843,-0.14921857950036546,-0.003752101838622959,0.10806679159460318,0.10280494707406522,0.032954782774421085
353,1.3789833423843936,-0.20350982003218632,0.5089465827946641,0.48661110474033914,-0.1087546962603198,-0.00604309132390196,0.6164883454937828,-0.07561047747566721
354,1.803023912504952,-0.12628195083276364,0.24114307194223675,-0.07408429782340614,0.13325765688215044,-0.21365168216825212,0.9798408073132395,0.038692695224553944
355,-0.8620775134232797,-0.019785205145538214,-0.29454719099419924,-0.17120686640010815,-0.0033303626254054925,0.038315594693019234,-0.08680736622770081,0.008406088265118466
356,1.38374892977282,-0.6429065743717046,0.483333807702758,0.15519189966140695,-0.04577981396686255,0.07403840748592014,0.8158956301780491,-0.00679838616444305
357,2.3347376926690835,0.05300158762440892,0.14218066364801074,-0.16393544826026707,-0.031391400364295594,-0.07660313182734925,1.4675958119810113,-0.049705458627680395
358,-1.9915402869115044,2.3366992161562825,2.4109382993284996,0.19831068742759986,0.37326728022698824,-0.06384588556961115,-2.734978202877242,0.16823065304497375
359,0.24435618539172066,1.2006383469962556,0.6167084948708286,0.16505582577346142,0.16582170305960395,0.013873984037581426,-0.33663060331137473,0.3494050513184901
360,-1.2683677862324523,0.4671455373004914,0.39582292456517143,0.1571771273972082,-0.022982218342329313,0.11591688203166954,-0.8152789966786165,0.1261599591393893
361,0.7416867581512305,-0.3599614847408565,-0.07736349343272367,-0.10910164491970571,-0.10907114379063218,0.04409063948083003,0.5388292297306193,-0.41947222951417196
362,-3.7580089977321363,0.399809900399952,0.7057509221203757,-0.294758471178575,0.26652699585978185,0.014053597055051237,-2.2758049958826114,-0.041794745350140945
363,1.3283257997350901,-0.434146879165613,0.17778409904288323,0.27995261072390504,-0.1527703762518647,-0.04982292101995917,0.2949024230422743,-0.12216172501511947
364,-0.26979369136345593,-0.06448023119350599,-0.0869988671138635,-0.2844272163496552,0.02530838465756103,-0.025023500975705142,-0.060299966432991285,-0.015088647559832184
365,0.1520584996871579,-0.37844292434847093,0.014386134692541136,-0.2385399295719122,-0.09328137269842683,0.13516280113049,0.8121360859940593,-0.047919402837372393
366,-1.4182162638192695,-0.272593312721459,-0.5742115282167911,0.42319658563614565,0.017782366665306904,-0.026464143417214953,-1.0257026934893116,-0.028694992926787836
367,-0.4353185098038316,-0.30715802014105714,-0.18306713912510228,-0.17225680721508707,0.08865307433002062,-0.036945664231703576,0.17307329175031314,-0.018500224524340268
368,0.9928793464908925,-0.35517698605376313,0.10990550327899241,0.27885482072376666,-0.043055218879300486,-0.05219367125987628,0.5241334809370486,0.149840831068861
369,-0.977998581879276,0.5512029631097332,-0.05325292320473211,0.16360732175737766,0.0029760421016723783,0.023743312862505476,-0.6288559901878721,-0.05098246744179236
370,-0.17874829542326232,-0.017149191676852166,-0.07353314028742108,-0.07386120294314259,0.0031858344233619143,-0.03633570140995004,0.21235542296591706,0.1839736558980906
371,-0.4481182427767495,0.3949219668940563,-0.715299948731816,-0.04927254811433731,0.06890145252262347,0.034512095036878424,-0.4265695234196129,0.06319981389332811
372,-0.8338604424136676,0.07126701770825232,-0.3045416750160858,0.17155237404368076,-0.010145800015840215,0.0321731440688559,-1.0285496940875936,-0.15692077263936044
373,-0.13061827397064454,0.20222748235280116,-0.40228077028918774,-0.07724351320283743,0.0320483478198213,0.04864104407285459,-0.3576509550847933,-0.14880550328209366
374,-0.2507591128004202,-0.9373269628250981,0.6157326967522289,0.26998216652022083,-0.16226849428369042,0.08897197350532925,-0.2569909632250104,0.008202767033383152
375,1.0678162200606593,-0.966385435682169,-0.10540505197001535,0.23697874768564173,0.02835048881621409,-0.14584206335462524,0.7473942220134625,0.1489635660341867
376,-1.6123446721345753,0.37823680505728585,-0.06057479262023011,-0.2662615660889397,-0.021923363565654296,0.09227484551695109,-0.15325593172774898,-0.028675265132441553
377,0.9514321173048281,-0.9481730940682604,-0.36584674130310985,-0.08015980011788774,-0.08401267236423868,-0.03339607549529742,1.2542070897074777,-0.01930034939102991
378,-0.6151716178497706,0.44257969266831193,0.5889072472421405,-0.24845097853532475,0.001516640629474228,0.05909652778936292,-0.3835465120714482,0.12019134267340265
379,0.5863002792745595,-0.23194050370615027,-0.2515457336584798,-0.08523803258918941,0.08212671775620309,-0.0629604503074085,0.4278051276581539,-0.01661559777318864
380,1.0230895493790328,-0.16090887025068942,-0.5343738381146337,-0.2175215026303801,0.05460380950709976,-0.13829581346213435,0.9471241967800662,-0.023873849885838926
381,-1.083103645401351,0.4374291373935541,0.46014009553532026,-0.17715697220351967,-0.07033082010957428,0.21068601412568974,-0.4177664427417786,0.1611597011885195
382,-2.3196928011002833,-1.2515247437882133,0.5324396591436338,-0.0644650224819108,-0.15952651707916912,0.043912316924227625,-0.9791724629510633,-0.11290022067244875
383,-1.4858292638818127,-1.3346206703014776,0.27369084866126947,-0.306541377860401,-0.06733883841246259,-0.03788472455934298,-0.31762829779063634,-0.08386038403194182
384,0.6808724170608518,0.09536279770809399,-0.5419057647155872,0.21180744968899734,0.06057357952897766,-0.03079985013932294,0.46762595707450666,-0.042019333093769394
385,-0.27543200368731,-0.5573557736899931,-0.27635470224654385,-0.13960063096279202,0.011810811556809776,0.08102941762960118,0.26202819232537194,-0.1560619468668955
386,-0.5281390181187793,0.25406064354694413,0.021566079220746746,0.23273784483207105,0.0027442489428855326,0.041142948116755215,-0.7597618730850515,0.05825411293912143
387,-1.582128665030162,-0.07607688672470214,-0.3413096233239588,-0.3599593488319013,0.025615576571367163,-0.1592862494548351,-0.6508238158137931,-0.07685470457568787
388,0.7680413569855347,0.8288458524357827,0.5423494462544345,0.012051962620876093,0.04740054441445664,0.10266462701117393,0.3418207821324991,0.031096258113089248
389,0.2882698695135388,-0.27684283573998103,-0.3538893421511637,-0.013368251918187812,0.04641375087563957,-0.10690091896501669,0.054917446001249204,-0.0963492674340632
390,0.3134582588152234,-0.3382250942709015,-0.3525391525159197,0.042609501084335574,-0.038700294681884025,0.01499469046418646,0.15926804314622592,0.18812704141958228
391,0.5786068592518284,0.27534099364560366,0.6296238875696671,0.19301727147048633,0.07472429365704332,-0.00905613283100046,0.47601006319706124,-0.05202532810945118
392,0.5923023470620739,0.05007269304382918,0.38104286896215694,0.09690891207323793,0.01696808473497329,0.009261220208349725,0.17624436465125423,0.030900571785783804
393,-2.1046460029882605,-0.4659935497979123,-0.7155396193254566,0.02689799167276896,-0.036242764161871284,0.09178676917865206,-0.8116309609085074,-0.01664147015124094
394,-0.5495964821006986,0.21612080156737615,-0.3211890708303657,-0.14570989223961764,0.07524847118479663,-0.09208475465871285,-0.06515554276272738,0.1565806778919941
395,0.20434557359721395,-0.2579481775410485,0.009053506090049034,0.1580652221296777,-0.0739058152197413,0.09343621038654762,0.20516739178288,-0.030916591649544786
396,-0.4625293693554469,-0.42968387656904533,-0.09736783766376823,-0.0961185093031746,-0.030589410326144477,0.00018091794048393016,-0.08211333114716197,-0.23946038218274823
397,2.4974858189778772,-0.22562847942367426,-0.10067198823308396,0.07950724457010491,0.053224204854464746,-0.12522413391781306,1.2571071648333771,0.01965268827964786
398,0.3238357408100508,-0.486590250177651,-0.18840340835312272,0.09207544862333528,-0.08677807542024002,0.08541355874688843,0.6823299121916895,0.02293451031718088
399,-1.0872604089784403,0.11829199658805446,0.04001413681427564,-0.11619912520309225,0.08471830769897334,0.01894679518390805,-0.45920072860742756,0.016337733829057132
400,-0.9625848547415254,0.4364316836317609,-0.07372230430929942,-0.025038741995382856,0.04200524144486475,-0.008815639086587942,-0.7121296013952264,0.19015552577171238
401,0.16369278224977846,-0.6675472653533855,-0.20787590082942378,-0.15888315800100475,0.0068531592482263,0.04710473788047792,0.46460027821891625,-0.15842190047411653
402,-1.2331447379431932,0.3078337211993912,0.3862486459153016,0.11517504209903588,-0.0015737521078510396,0.02091120671421562,-1.0170818121011351,-0.011626792902668012
403,-0.22678839863811476,0.1072108472399652,0.6669813672704032,-0.19979127768355745,0.0908860016960989,-0.02523111431539073,-0.19712019665159095,-0.20302979714642402
404,-0.48039653580078445,0.7368017336874464,0.584388939986864,-0.15660978584562726,-0.03709103993738365,0.0386853855372764,-0.3762777618109968,0.07783290933207392
405,-0.5002360789201401,0.24178311794290513,-0.0058476186865107724,0.22637677654400512,-0.010780355780538082,0.05186591617423014,-0.5887530541304742,0.14631394523450095
406,-0.8142363564497045,-0.10938123642532313,-0.5454409937685251,-0.037745134040475414,-0.03199894356943989,-0.021631919943209198,0.045302797155832956,-0.04766590748905902
407,0.0747991286555034,0.06725650113738776,0.06272137291981929,0.0903954635185022,0.17655827967659984,-0.01226138221311206,-0.44626266821734,-0.055644610352897556
408,0.06959696625799962,0.009052252966457838,0.27579938714767716,-0.12500342332177675,-0.09123898815807864,0.015975727571256756,0.10527105584570837,0.03842510236236958
409,-0.22105160985234237,-0.27999551354230223,-0.2942042616479116,0.13881230571127587,-0.031218615320149436,0.039458202852014436,-0.07604574029079404,-0.1646272256384657
410,1.3045457300171113,-0.02004025651519038,-0.251422196644977,0.45930317505371304,0.032810133354052126,-0.07104910612370471,0.6389425985350494,0.30293911291048464
411,-0.1383286355844035,0.32248256079838733,0.06338345466116657,-0.32854648063511394,0.11042322731228062,-0.08184859200920323,0.2258759066424948,0.09427140484345478
412,-1.6118447266564677,-0.2935943035718668,-0.0685128684046257,-0.1581268273668748,-0.03044688052371064,0.11060113062029642,-0.6006402540356047,0.0051166155205800215
413,-0.06463608497086558,0.7812095158103745,0.33847598877491825,0.05134734927750913,0.07726150237849934,-0.08448469993095178,-1.1946160451292227,-0.3366748822927573
414,0.3220464649096646,-0.48070821853563667,-0.25664800603626947,0.23586759303971158,-0.1366365976868543,0.22701655542038962,-0.005112846470407925,0.02452605133886001
415,-0.0837288600275935,0.2898405966580837,-0.49163830089889,-0.04862863425656282,0.21310423403828865,-0.22446487403218085,-0.4832908453318452,-0.10901127205872552
416,-0.5020365297265489,-0.14488082159270912,0.2922564147852117,0.39033193459777626,-0.0828329205701835,0.023245134931244273,-0.06320244347115118,0.08573139923758724
417,-0.1390282149131446,-0.1358722801399187,-0.4144373788190892,-0.08312366933617372,-0.09833395700430968,0.09521386938605945,0.20960391309035675,-0.11607659772117221
418,-2.625327074359847,-0.5331798138662684,-0.514784158200848,0.16739678690774087,0.04100154729182923,-0.014898461621574124,-1.379758279182207,0.05770966266193697
419,-1.2987753270854399,-0.021160376198583627,0.1010939513126779,0.06555135452983059,0.052216512993353746,0.061549790304972395,-1.0993178154063121,-0.07426532014392956
420,-0.5152881152479967,-0.1838701013130798,0.08777356999201404,0.17002483602317167,0.07565972368366505,-0.052056005556040376,-0.2545712929272424,0.14509198481020305
421,-1.6786435436862952,-0.4418747470408112,-0.6080931183050838,0.4451381665265616,-0.11871012302833711,0.05654832166934584,-1.4110401688131493,-0.13805603410426548
422,4.9486914377268265,-0.28918647683542387,0.9404564183527432,0.08132630280797677,0.0636986567653013,-0.18272076369472456,3.3028521978085097,0.41443565487415474
423,6.308585408517476,0.07466407395100783,0.904744812976522,0.1698768574022842,-0.023727211124070696,0.15822163179714432,4.112192633203475,0.35445540232407313
424,-4.98208823451115,-0.0438418696516466,-0.6770997422905929,-0.06462629881908466,0.07764700687981493,-0.20078845879916582,-2.8343908642140807,0.10762682395349989
425,0.10752703871575964,-0.0726474999428347,0.01714606331751806,0.117940846513306,-0.058155664283776755,0.10820072676904592,-0.0758522000977595,0.1208308259164552
426,2.7121600970928816,0.23941685464285098,0.49117752703654366,-0.16508546312416936,0.01887649116382168,-0.11011022012953867,1.8023664501833216,0.28894930371376615
427,-3.143642722589438,0.6586689497738187,-0.1256294272055714,0.049766151764796984,0.051170571127848,0.06845627095914762,-2.2651678191421065,0.16258334760308782
428,1.0376635524237467,-0.1867294035929821,0.15059721967287368,-0.09505240308127055,-0.0725372975281667,0.041131564803178304,1.025575503401099,0.02303784138567889
429,5.424547867187903,-0.5407324204397089,0.6369278435680064,-0.29835559672243367,-0.000359734820105495,-0.0774290620585095,4.315232272533209,0.08807322158555575
430,-2.427375227755026,0.07612368049577217,-0.39155502838315426,-0.04930232097251689,0.04272685975368662,0.004373958007355673,-1.5939666079273247,-0.37406312248538226
431,1.33915249548373,-0.5418717140150925,0.6307637075414262,-0.039988893213146595,-0.16118670361637702,0.05501068697710035,1.0916345551720545,-0.06703980723769556
432,-1.7137706108106034,-0.13175226997190892,0.007555711879461983,0.12355801431848443,0.10989786169850461,0.00917849724274852,-1.1982026299329953,0.06159592236770833
433,-0.32604157847273196,-0.03967407944632449,0.45571545525164103,-0.07471526147292798,0.00014181219849059977,-0.04797288643826499,-0.02747647305759021,0.26795278639078185
434,0.4049670162289784,-0.06358852131693817,0.295565180444723,0.05391632726796981,0.03680411851870886,0.005859963646365209,-0.00029076816367838135,-0.27404483439759697
435,0.5820586606304494,0.102162705033131,0.27849113021098876,-0.08111314940373816,0.14260339373410416,-0.049070782763023874,0.6948583109010397,0.4054256045332796
436,-1.8430589531793482,0.4612071240563509,-0.37570058766317566,0.23180882931179675,0.007170049718099092,0.040723837102184676,-1.6238047202307913,-0.018317447017443672
437,0.9980056909107505,0.165017786448104,0.6491791315578733,-0.010145975717204854,0.030335861306178716,-0.06590512596373056,0.5364529789190825,0.1630467563092833
438,0.33502911446759154,0.37230636008526236,-0.3611565032144598,-0.2849648003621172,0.10355911616813797,-0.00698228532437897,0.0945854623188526,0.11279501346463534
439,-0.046634684268623966,0.3824977053064129,0.08095219409553107,0.06293780814991418,-0.0032601117524526124,0.06976417433484908,-0.1637919028391703,0.10774500331487064
440,-0.9873570832125499,0.38286257811867136,0.13587311698765966,0.09203960140780282,0.08116387062847194,-0.04912584788234174,-0.855072022012432,0.17545322645260805
441,0.728604293269218,-0.18529006454668773,0.2662711768087952,0.05869846270724386,-0.04333144621308678,0.07359130378140313,0.30782731039394157,0.24140267518871253
442,1.215088080459001,0.7722927614997509,0.14179476154523374,-0.2291646717020895,0.11535161450015301,-0.10670874958109354,0.7890657384540677,0.060679145177181405
443,1.7025012622728821,-0.3834973928264224,-0.07354177667949464,0.01582853203002411,-0.036961121719114066,-0.0014434882766411665,1.141365725829484,-0.05650613865433644
444,-1.4605139469365591,0.1611964114944382,0.419454329776776,-0.26055862822768555,0.011829164776006942,0.027304268719623107,-0.9706858793960526,0.04366130216163471
445,-0.7355209734733487,-0.2818254118068457,-0.5934306866058422,0.1310328551792087,0.00677008099135658,0.049379432341714914,-0.9087847173059097,-0.13928676045321384
446,0.05958934268498449,0.2777655246312295,0.18592529325997947,0.009829608304999722,0.06677563169422324,-0.032456757644339654,0.121087634219533,0.00470852865177002
447,-0.1257430034729452,-0.5441577709674436,-0.2941386041012954,0.38149381077010636,-0.07178967517421185,-0.02283195333801731,-0.411504893651468,-0.4096860680402625
448,-0.03955137909602907,0.3455129353338311,0.01796713160824065,-0.1723134017821767,0.05335291198607431,0.055866594694887896,-0.35286358416333347,-0.022129364791167606
449,1.3191928997585778,0.9356838444395563,0.11665522231421203,-0.08824991266048902,0.15879633213610692,-0.116001972902002,0.4188939416398084,0.2236457638716945
450,0.08917310187998667,0.3397229129794896,0.06341326069842644,-0.13706740740575754,-0.00401738373284741,0.1130016077379224,-0.29462747153717833,-0.03096848062604559
451,-1.4595365608585744,-0.42171720601521984,0.32272195452142394,-0.11480726327885431,-0.02873745300580518,0.08260869512916433,-0.5557213046298228,-0.008695162423021902
452,-0.11576655101011755,0.24401989503111132,-0.20253241036827682,0.15766021799271276,-0.02174234602734035,-0.07290894387485329,-0.2249545899758641,0.25704349290348033
453,2.6588408368877254,0.3952061028900222,0.3946298253329664,0.21475305450894588,0.0557355731460633,-0.021641330464191623,0.9659291445517185,0.07159230685060616
454,-1.3692982326108858,-0.42906978243756444,-0.01877972958478989,-0.04641488244553777,0.05074425847084348,-0.026639387176303642,-0.6053680213047347,0.02600621135196869
455,-1.3360786197938044,-0.9368821730883363,-0.13315120198637023,0.15894656672977034,-0.01946803727763609,-0.044646936390820874,-0.6663434517096847,-0.43373140005363514
456,1.0881074335598593,0.003818917839480287,-0.10031166288845504,0.09249429097399164,0.03975883567237319,0.09031155575209786,0.8849508588548811,0.3236607424090102
457,3.075595406997695,-0.15010225963121096,0.20429386282990217,0.5117677782961049,0.04455666535369691,-0.20748136961437214,0.8787001723550371,-0.2704642964012955
458,4.7280102948658715,-0.5538434735170674,-0.1714803633302313,0.1317651190433556,-0.076334144536102,0.04156191779031614,3.349375755754862,0.13650916295929424
459,0.656310544120592,-0.0010578518084953096,-0.0838593593695538,0.07937878584561767,0.03207145005467925,-0.10101964236294797,0.2344825529004156,0.03891826583169935
460,4.103031586756051,-0.32869135596407223,0.19744944453933985,-0.23708596983420654,-0.07306506928631547,0.07237416767617734,2.812479951903943,-0.19140255049590774
461,-2.9835992695410787,0.3973637413398651,0.22793322596070592,0.26922802720410405,0.08325457903840985,0.08723727151296012,-1.576489226842687,0.2309856755017489
462,-0.5733045670681906,0.12194569685085375,-0.5448018339545315,0.16327086732805818,-0.029520192164046315,-0.0700954326888593,-1.4788102805791188,-0.32909328316519604
463,0.957827824511803,0.005704458576054022,-0.0725547299259348,-0.2082155369163975,0.024032351191799355,-0.05719095982777359,0.950469566825205,-0.284555506454474
464,3.5758372702731327,-0.0891250063872427,0.4692120731714181,-0.11572029365222267,0.004264963539370398,-0.017432834448026877,2.55890691754847,-0.14942550937907065
465,-3.3317203301534355,0.3511222587996809,-0.8683995095515915,0.2876707215811736,0.06472057876854506,0.0260557109164486,-2.9035008041020105,0.1972927616460219
466,4.4934737081504545,-0.6312770435575865,-0.29642072718510154,-0.12354101309354401,-0.10332765694337046,-0.05738070553889547,3.3530207477333236,-0.09029199264398691
467,1.4662228995599165,-0.7976377342668539,-0.3008843627303242,0.1302615410923811,-0.03299721642179082,0.0008619663661696128,1.1116845958049035,-0.015832812484179944
468,6.163660298190067,-1.3124937046319876,0.22411971443622286,-0.24769804522951905,-0.24803391656305768,-0.0570190366910644,5.004580040715004,-0.34564508140273414
469,-2.4490318312011663,0.38835998140575034,-0.4314651335473496,0.01789391120487824,0.1998773355756865,-0.04078776275214259,-1.8107886546970549,0.13274870321569143
470,-2.1504281190719667,0.5773999011066628,-0.1422188113843184,-0.0578497363082404,0.0024276588823366014,0.11074573659279434,-1.271087961397781,-0.06177953697413584
471,-2.4004904352217498,0.7010754641694985,0.240777101128374,0.013583935639448434,0.18689392022965243,-0.029880403546705975,-1.4717932333437518,0.5249932950885575
472,-2.3538462486917062,0.5097199866259515,-0.3686523077374453,0.15632150092740577,0.037703762305311195,0.010331617348495803,-1.869654834504514,-0.00746403656908086
473,-0.08638062479776333,-0.30051972687848383,0.19713696743384795,-0.053219471640618396,-0.005657159070382894,0.061258104595927086,0.26948471167116533,-0.01003329760103098
474,-1.602264021866919,-0.2436863470351628,-0.22517156972585303,-0.3272650114896097,0.04168078304114404,-0.0033858736226810115,-0.9650204855147121,0.031842377330254794
475,0.5087610984201828,0.5536950631757513,-0.13299251305535684,-0.06113297163392418,0.06600355307616264,0.03790379837018865,0.04595938866865124,-0.016023688709508203
476,-2.664274044799844,0.27699063804338825,0.46825630581347893,-0.1794307488543296,-0.014683289208088068,0.09277147712924336,-1.8988683441586722,-0.1475348440660482
477,-1.1373984869134413,0.07051541174928333,0.0657600090906115,-0.183985031016482,0.04220669354142314,-0.10560835261776494,-0.34646717349254713,-0.016770128214736328
478,0.012157514465302104,-0.6627735750761291,0.21928603952672943,0.043915076710215245,-0.002616625209917099,-0.034764590193551145,0.03469463966065049,0.17197596408133067
479,2.574103117796496,-0.5735085125920922,-0.33530242319859155,0.028643969961067054,-0.12957731588739269,0.07453468655063275,1.6451566951133068,-0.23593140169137472
480,-3.0525364209438375,-0.41077778285352456,-0.4918487887513806,-0.002181198969809361,0.08807474008297028,0.08261113965358848,-1.9671297939126218,-0.1169903669123793
481,1.6077219767532074,-0.21104625393447574,-1.3054628564234492,0.06078587077584675,-0.02890046076890346,-0.05543856350433523,0.8296001575580507,-0.06974165907281261
482,-1.270652711477307,0.43930178107850487,0.2114789153046238,-0.14860264924872202,0.09076160072406476,-0.04855589677516632,-0.7663559212266954,0.00915098671589598
483,-2.4196153657138417,0.2582609411299039,0.28308649632590804,-0.08470482634364178,0.06994560490084026,0.002546096620489399,-1.184238189167349,0.14493007477019515
484,-0.32600805307891,-0.11064766009916134,0.23867657205664397,0.04853538322904885,-0.07740678080326754,0.07198837578893666,-0.2069548743157407,0.04236630393292937
485,0.24853888555704903,-0.4496959483910751,-0.031215727948906185,0.08435433571201646,-0.0021861812020819234,0.08096742290740537,0.20208373481513947,-0.18026841970190488
486,-0.45860882291895005,0.6400684911766387,-0.14947020458134236,-0.22074717371825076,0.06544610749852249,-0.09694339976178082,-0.5024334038562644,0.22212944870527215
487,-0.41789392815246473,0.222298322374003,0.27462787284993084,-0.17796687787117793,0.14915628004703002,-0.05805220674978154,-0.08276723351778399,-0.04476340565915995
488,2.8959318197289603,-0.08174070937740302,0.20824499296335683,-0.05512005510870719,-0.056845750152970116,0.06623403515279898,1.5816617196684408,-0.07314432196332214
489,1.442897374825465,-0.6295221919361959,-0.1177218756845037,-0.1598403425891105,-0.04974357325424739,-0.0020947853275805955,0.5421103021117115,-0.2676189783788465
490,1.0299071101217376,-0.0647697865597013,0.004671533823613831,0.10983918588244967,-0.09948160353561018,0.010027120263835872,0.6858051226640487,-0.3100957856371618
491,2.1512645566707755,-0.3245847582489971,-0.6412250372320514,-0.29879718977167824,-0.02750063034836327,-0.06772200447706613,2.0268373073319093,-0.07954637505036452
492,-4.118535433685455,-0.19975235140322592,-0.4343254380327506,-0.11416452310827976,0.10278123389687312,0.04884203812856548,-2.954861383870009,-0.044845450370748614
493,0.08647338674208657,0.47636075837973496,0.07139827633604956,-0.02574415793173025,0.02760475267935968,0.009408128790848742,-0.19181152885661917,0.031278943769307586
494,-2.6643348116010785,-0.6421839745425537,-0.40210839956896494,-0.12267856746193102,0.10372887647056657,-0.01279347905804964,-1.5443293768354327,0.025888843721188548
495,-0.22671594181700824,0.18993431135987476,0.3687563411911064,-0.12377465776873708,-0.14555526172226593,0.12959591826266062,0.4647400515328069,-0.009735149745108699
496,-0.9850551628659334,0.3132118443484717,-0.3670781261784275,-0.008803836595282258,0.13106077071187397,-0.04836475985696131,-0.959372725584304,0.025328910719141957
497,0.3269134102092366,-0.1250915498827017,0.048558971941810226,0.33095351114239097,0.018577646618701496,-0.0312797242450982,-0.14985771013398164,0.16073444330106468
498,1.0474067576436665,-0.22149006858352538,-0.2062288194908654,-0.1867225105872482,0.03660114018203931,-0.10378936452150274,0.8705477087493095,-0.15616019937104428
499,-1.0231464054496886,0.6798189270604392,0.1562916130444563,-0.06311528564508735,-0.0070618197921634976,0.0932917170076414,-1.1069231022743047,-0.06488228578935853
500,3.464972401266798,0.06425219992828612,-0.42998989402058607,-0.3354863897299473,0.02334986625653792,-0.05343547957014203,2.1732492768074283,-0.24545683186663914
501,0.8733191241708665,-0.49401085127750055,0.05452566362221926,-0.07491357598082826,-0.09833948702080067,0.02320296632999431,0.36218167020096836,-0.1383265565921072
502,0.9580100558210629,0.2734496216207333,-0.5064998724617998,-0.3559141975609334,0.02766361348612003,0.06971817987666258,0.7562971061024468,-0.18664459792388655
503,1.5243376075038744,-0.7053868004009141,0.08473541809042637,-0.07996261648058361,0.00606900950338387,-0.14831456846577476,1.0680496602805734,-0.10108681719809459
504,-2.7053024564401893,0.11883976149927093,-0.2694197653400985,-0.04113119262210736,-0.04865663778610149,0.13410162049891894,-1.8915540290082582,-0.2443955893095108
505,-1.6255553567322543,-0.2829427252823552,-0.2370044100590471,0.23892423828945739,0.061870540025032617,-0.033323908848684546,-1.0386433329725093,0.04051723557303883
506,-1.1807703122142328,0.7378117614889687,1.370954517636629,0.366319041342208,0.03557929159136559,0.0374342996411481,-0.4101017873158734,0.24696009699693722
507,0.40413484866468086,-0.11528562944066635,-0.38398404329760993,-0.33394480499550766,-0.040525934892598425,0.0456514117027841,0.09395832223567904,-0.43268615750357653
508,1.4488536856684622,-0.014448499195692579,-0.16116162643204338,-0.06799164301316442,0.005528560075068363,-0.05000831914049781,0.8925284102172343,-0.11000425274427642
509,0.8805807430334509,-0.06817187887353171,-0.5626842759541475,0.0032276629593398225,0.008471714709736873,-0.012884502556391304,0.5827056822917204,0.1264727773204732
510,-0.8808494737654521,-0.6428409161799356,0.4148889406986864,0.23149191602162894,0.0003783237577819767,0.023564614941357215,-0.058637985269820204,0.18502093836542657
511,-0.7672990713919069,0.03970011518262659,0.14667865405464547,-0.030013623548721783,-0.08827840302191294,0.09272411203579113,-0.37753052524634434,-0.11273931361913775
512,-0.9062986149731626,-0.019517692550839242,-0.18985837396281277,0.15359317279574874,0.07339659848604907,-0.06784140586846771,-0.7519408535359416,-0.05665289791097997
513,-1.564618139481551,0.08048724673828227,-0.08596841032410556,-0.16651908380891406,0.12986855510021558,0.029119646418295515,-0.9247611036696927,-0.002899605298394993
514,-0.12995351822547987,-0.20168321489244456,0.33299688902833197,0.512084914475278,-0.0704310991974691,-0.0028014443394424,-0.28217203442933136,0.14170650684665012
515,-0.29321925523433817,-0.2564332520290245,-0.2680030550408605,-0.22805341592757164,0.046718903217493474,-0.11623708275502015,-0.47420166065199987,-0.028233412009235823
516,0.5665165285721139,-0.005833217384589619,-0.22847490165073717,-0.0676298837680799,-0.02714397983870128,0.04003508234887068,0.35976476441589716,-0.010361503300211836
517,-0.4768771961628091,0.44701499793395566,0.13958742536980795,0.02267536333823006,0.03926123284331881,0.06804862374009273,-0.47892895557117443,0.18435953239369685
518,-0.31199700296798116,0.18373461129847993,0.006337553979840891,-0.003593325411004006,0.0030481234640487077,-0.019406859537675264,-0.011994688171784586,-0.07700664472190107
519,-1.0319835840016907,-0.2581469784594884,-0.25476235130578617,0.14815426189815267,-0.013329751520846473,-0.012468712328780789,-0.43251886257724653,-0.15478799414886393
520,-1.1047841936093465,0.2724477444170373,0.17279772561300824,0.08300434444300472,0.014752528549884266,0.11214832432865028,-0.9317165074922933,0.14847719179120802
521,-0.5595792274208202,-0.3694507113322524,-0.3555556386983741,0.08090120082429243,0.00710455746876803,-0.014661260571568862,-0.24636307589229406,-0.09281554748367157
